ApplicantIncome,CoapplicantIncome,Credit_History,Education,Gender,LoanAmount,Loan_Amount_Term,Loan_Status,Married,Self_Employed,Property_Area_0,Property_Area_1,Property_Area_2,Dependents_0,Dependents_1,Dependents_2,Dependents_3
0.5822697978971819,0.6571971962145389,1.0,1.0,1.0,0.15904486251808975,0.7435897435897436,Y,0.0,0.0,0.0,0.0,1.0,1.0,0.0,0.0,0.0
0.543500947786282,0.5776053764020097,1.0,1.0,1.0,0.17221418234442837,0.7435897435897436,N,1.0,0.0,1.0,0.0,0.0,0.0,1.0,0.0,0.0
0.4761502587197662,0.6823473164580706,1.0,1.0,1.0,0.0824891461649783,0.7435897435897436,Y,1.0,1.0,0.0,0.0,1.0,1.0,0.0,0.0,0.0
0.45236274701407553,0.6344981537155091,1.0,0.0,1.0,0.16063675832127353,0.7435897435897436,Y,1.0,0.0,0.0,0.0,1.0,1.0,0.0,0.0,0.0
0.5863210547779028,0.6571971962145389,1.0,1.0,1.0,0.191027496382055,0.7435897435897436,Y,0.0,0.0,0.0,0.0,1.0,1.0,0.0,0.0,0.0
0.5700743426644491,0.7078452659344172,1.0,1.0,1.0,0.37337192474674386,0.7435897435897436,Y,1.0,1.0,0.0,0.0,1.0,0.0,0.0,1.0,0.0
0.4361829167020531,0.5782787562709711,1.0,0.0,1.0,0.12445730824891461,0.7435897435897436,Y,1.0,0.0,0.0,0.0,1.0,1.0,0.0,0.0,0.0
0.47804621990221163,0.642143891619997,0.0,1.0,1.0,0.21562952243125905,0.7435897435897436,N,1.0,0.0,0.0,1.0,0.0,0.0,0.0,0.0,1.0
0.5221135060688715,0.5791155015488813,1.0,1.0,1.0,0.2301013024602026,0.7435897435897436,Y,1.0,0.0,0.0,0.0,1.0,0.0,0.0,1.0,0.0
0.7072580882497305,0.8301312345901191,1.0,1.0,1.0,0.492040520984081,0.7435897435897436,N,1.0,0.0,0.0,1.0,0.0,0.0,1.0,0.0,0.0
0.4864081959220749,0.4799319947683933,1.0,1.0,1.0,0.08827785817655572,0.7435897435897436,Y,1.0,0.0,0.0,0.0,1.0,0.0,0.0,1.0,0.0
0.44717154883837823,0.6029294279074656,1.0,1.0,1.0,0.1447178002894356,0.7435897435897436,Y,1.0,1.0,0.0,0.0,1.0,0.0,0.0,1.0,0.0
0.4799715621095795,0.7916481151750316,1.0,1.0,1.0,0.276410998552822,0.7435897435897436,Y,1.0,0.0,0.0,0.0,1.0,0.0,0.0,1.0,0.0
0.39957058031561055,0.6581688535441204,1.0,1.0,1.0,0.15195369030390737,0.7435897435897436,N,0.0,0.0,1.0,0.0,0.0,1.0,0.0,0.0,0.0
0.34311229435617235,0.5358252858469339,1.0,1.0,1.0,0.011577424023154847,0.23076923076923078,Y,1.0,0.0,0.0,0.0,1.0,0.0,0.0,1.0,0.0
0.5557449157607035,0.6571971962145389,1.0,1.0,1.0,0.1678726483357453,0.7435897435897436,Y,0.0,0.0,0.0,0.0,1.0,1.0,0.0,0.0,0.0
0.5049522672365138,0.6351441880891595,0.0,0.0,1.0,0.1316931982633864,0.48717948717948717,Y,0.0,0.0,0.0,0.0,1.0,0.0,1.0,0.0,0.0
0.5011048837627469,0.6483581830338082,0.0,1.0,0.0,0.09696092619392185,0.7435897435897436,N,0.0,1.0,0.0,0.0,1.0,1.0,0.0,0.0,0.0
0.5537090232816644,0.6823473164580706,1.0,0.0,1.0,0.17945007235890015,0.7435897435897436,N,1.0,0.0,1.0,0.0,0.0,1.0,0.0,0.0,0.0
0.4534054012022791,0.6847627410367992,1.0,1.0,1.0,0.15340086830680175,0.7435897435897436,Y,1.0,1.0,0.0,0.0,1.0,1.0,0.0,0.0,0.0
0.625143248273116,0.6823473164580706,0.0,0.0,1.0,0.13748191027496381,0.7435897435897436,N,1.0,0.0,0.0,0.0,1.0,1.0,0.0,0.0,0.0
0.5851244905736797,0.7451462956198325,1.0,1.0,1.0,0.44283646888567296,0.7435897435897436,Y,1.0,0.0,0.0,0.0,1.0,0.0,1.0,0.0,0.0
0.4534054012022791,0.6077479524397511,0.0,0.0,1.0,0.1548480463096961,0.7435897435897436,N,1.0,0.0,0.0,1.0,0.0,1.0,0.0,0.0,0.0
0.494399390515311,0.6081469135762727,0.0,0.0,1.0,0.14905933429811866,0.7435897435897436,N,1.0,0.0,1.0,0.0,0.0,0.0,0.0,1.0,0.0
0.5102124454164939,0.6619220560957412,0.0,1.0,1.0,0.20549927641099855,0.7435897435897436,N,1.0,1.0,0.0,1.0,0.0,0.0,1.0,0.0,0.0
0.6603611308705828,0.6823473164580706,1.0,1.0,1.0,0.2633863965267728,0.7435897435897436,Y,1.0,1.0,0.0,1.0,0.0,1.0,0.0,0.0,0.0
0.46512755888185886,0.6287009284459162,1.0,1.0,1.0,0.16353111432706222,0.7435897435897436,Y,1.0,0.0,0.0,1.0,0.0,1.0,0.0,0.0,0.0
0.5306110177013977,0.5303170405412594,1.0,0.0,1.0,0.14616497829232997,0.7435897435897436,Y,1.0,0.0,0.0,0.0,1.0,0.0,0.0,1.0,0.0
0.35971169887000826,0.6571971962145389,1.0,0.0,1.0,0.03762662807525326,0.7435897435897436,N,0.0,0.0,0.0,0.0,1.0,1.0,0.0,0.0,0.0
0.5116173332069863,0.6187162694177739,1.0,1.0,0.0,0.16063675832127353,0.7435897435897436,Y,0.0,1.0,0.0,1.0,0.0,0.0,0.0,1.0,0.0
0.5283382021226612,0.6799078291129589,0.0,1.0,1.0,0.2778581765557164,0.7435897435897436,N,1.0,1.0,0.0,0.0,1.0,0.0,1.0,0.0,0.0
0.48476058750845946,0.6571971962145389,1.0,1.0,1.0,0.09406657018813314,0.7435897435897436,N,0.0,0.0,0.0,0.0,1.0,1.0,0.0,0.0,0.0
0.5472369196468554,0.6571971962145389,1.0,1.0,1.0,0.14037626628075253,0.7435897435897436,N,0.0,1.0,1.0,0.0,0.0,0.0,1.0,0.0,0.0
0.5006514088156993,0.5903629404739092,1.0,1.0,1.0,0.15195369030390737,0.7435897435897436,Y,1.0,0.0,0.0,1.0,0.0,1.0,0.0,0.0,0.0
0.7029802154418714,0.6651442154988703,1.0,1.0,1.0,0.45007235890014474,0.7435897435897436,N,0.0,0.0,1.0,0.0,0.0,0.0,0.0,0.0,1.0
0.4321815396086836,0.6177349170983999,1.0,1.0,1.0,0.18929088277858178,0.7435897435897436,Y,1.0,0.0,0.0,0.0,1.0,1.0,0.0,0.0,0.0
0.39741158405093335,0.5616197750078509,0.0,1.0,1.0,0.1316931982633864,0.7435897435897436,N,1.0,0.0,0.0,0.0,1.0,1.0,0.0,0.0,0.0
0.5080598818944984,0.5734013160909831,1.0,1.0,0.0,0.19536903039073805,0.7435897435897436,Y,1.0,1.0,0.0,1.0,0.0,1.0,0.0,0.0,0.0
0.5283382021226612,0.7767404462009505,1.0,1.0,1.0,0.2532561505065123,0.7435897435897436,Y,0.0,0.0,0.0,0.0,1.0,1.0,0.0,0.0,0.0
0.5115325410678061,0.590439263413725,1.0,0.0,1.0,0.14616497829232997,0.7435897435897436,Y,0.0,0.0,0.0,1.0,0.0,1.0,0.0,0.0,0.0
0.5051289686011542,0.6571971962145389,1.0,1.0,1.0,0.10274963820549927,0.7435897435897436,N,0.0,0.0,0.0,0.0,1.0,1.0,0.0,0.0,0.0
0.3949581725430178,0.5499005974024115,1.0,1.0,1.0,0.05499276410998553,0.7435897435897436,Y,0.0,0.0,0.0,0.0,1.0,1.0,0.0,0.0,0.0
0.44068318423254627,0.6823473164580706,1.0,1.0,1.0,0.0955137481910275,0.7435897435897436,Y,1.0,0.0,0.0,0.0,1.0,1.0,0.0,0.0,0.0
0.5195134012829441,0.6333051722648048,1.0,1.0,1.0,0.1808972503617945,0.7435897435897436,Y,1.0,0.0,0.0,1.0,0.0,1.0,0.0,0.0,0.0
0.5473385130418921,0.6823473164580706,1.0,0.0,1.0,0.12590448625180897,0.7435897435897436,Y,1.0,1.0,0.0,0.0,1.0,1.0,0.0,0.0,0.0
0.4965108396473263,0.6483581830338082,1.0,1.0,0.0,0.11432706222865413,0.7435897435897436,Y,0.0,1.0,0.0,0.0,1.0,1.0,0.0,0.0,0.0
0.5767398311518424,0.6823473164580706,1.0,1.0,1.0,0.05065123010130246,0.7435897435897436,Y,1.0,0.0,0.0,0.0,1.0,0.0,1.0,0.0,0.0
0.581507088616739,0.6823473164580706,1.0,1.0,1.0,0.19536903039073805,0.7435897435897436,Y,1.0,0.0,0.0,0.0,1.0,1.0,0.0,0.0,0.0
0.45613280034583065,0.6825620781657508,0.0,1.0,0.0,0.16063675832127353,0.7435897435897436,N,1.0,1.0,0.0,0.0,1.0,1.0,0.0,0.0,0.0
0.5218752704092948,0.6299376462001506,1.0,1.0,0.0,0.19536903039073805,0.7435897435897436,Y,0.0,1.0,0.0,1.0,0.0,1.0,0.0,0.0,0.0
0.4058769957749369,0.5885947601380637,1.0,0.0,0.0,0.1316931982633864,0.7435897435897436,Y,1.0,1.0,0.0,1.0,0.0,1.0,0.0,0.0,0.0
0.48064253475550966,0.6483581830338082,1.0,1.0,0.0,0.16063675832127353,0.7435897435897436,Y,0.0,1.0,0.0,1.0,0.0,1.0,0.0,0.0,0.0
0.5307613893882275,0.6483581830338082,1.0,1.0,0.0,0.14905933429811866,0.7435897435897436,N,0.0,1.0,0.0,1.0,0.0,1.0,0.0,0.0,0.0
0.5446413188955652,0.6823473164580706,1.0,1.0,1.0,0.1808972503617945,0.7435897435897436,N,1.0,0.0,0.0,0.0,1.0,0.0,0.0,1.0,0.0
0.6897273039519876,0.6412769019030378,0.0,1.0,0.0,0.40086830680173663,0.7435897435897436,N,1.0,1.0,0.0,0.0,1.0,0.0,1.0,0.0,0.0
0.4598742024058926,0.5449803620472489,1.0,1.0,1.0,0.12735166425470332,0.7435897435897436,Y,1.0,0.0,0.0,1.0,0.0,0.0,0.0,1.0,0.0
0.42186304120879586,0.5844242290650455,1.0,1.0,1.0,0.12590448625180897,0.7435897435897436,Y,1.0,0.0,0.0,1.0,0.0,1.0,0.0,0.0,0.0
0.49444661763231984,0.6256712635244643,1.0,1.0,1.0,0.18234442836468887,0.7435897435897436,N,1.0,0.0,1.0,0.0,0.0,1.0,0.0,0.0,0.0
0.633627600522363,0.6285313501419083,1.0,1.0,1.0,0.24746743849493488,0.7435897435897436,Y,1.0,0.0,0.0,0.0,1.0,0.0,1.0,0.0,0.0
0.4940210675491327,0.6590174622219148,1.0,0.0,1.0,0.19536903039073805,0.7435897435897436,Y,1.0,0.0,0.0,0.0,1.0,0.0,0.0,1.0,0.0
0.44717154883837823,0.6950950229060803,1.0,1.0,1.0,0.16063675832127353,0.7435897435897436,Y,1.0,0.0,0.0,0.0,1.0,1.0,0.0,0.0,0.0
0.47767932772681304,0.6823473164580706,1.0,1.0,1.0,0.13024602026049203,0.7435897435897436,Y,1.0,0.0,0.0,0.0,1.0,0.0,0.0,0.0,1.0
0.4539546379746176,0.6828946132612965,0.0,0.0,1.0,0.22575976845151954,0.358974358974359,N,1.0,1.0,1.0,0.0,0.0,1.0,0.0,0.0,0.0
0.5555842862764675,0.6823473164580706,0.0,1.0,1.0,0.1725036179450072,0.7435897435897436,N,1.0,0.0,1.0,0.0,0.0,0.0,1.0,0.0,0.0
0.5283382021226612,0.6483581830338082,0.0,1.0,0.0,0.1548480463096961,0.7435897435897436,N,0.0,1.0,0.0,1.0,0.0,1.0,0.0,0.0,0.0
0.5788917058324642,0.7194059628243541,1.0,1.0,1.0,0.36034732272069464,0.7435897435897436,N,1.0,0.0,0.0,1.0,0.0,1.0,0.0,0.0,0.0
0.4864081959220749,0.6287574043724381,0.0,0.0,1.0,0.16931982633863965,0.358974358974359,N,0.0,0.0,0.0,0.0,1.0,1.0,0.0,0.0,0.0
0.679007993824488,0.6823473164580706,1.0,1.0,1.0,0.4384949348769899,0.7435897435897436,Y,1.0,0.0,0.0,0.0,1.0,0.0,1.0,0.0,0.0
0.613076751343455,0.5983521974410815,1.0,0.0,1.0,0.1678726483357453,0.10256410256410256,Y,1.0,1.0,0.0,0.0,1.0,0.0,0.0,0.0,1.0
0.5333701232791311,0.6483581830338082,0.0,1.0,0.0,0.1837916063675832,0.7435897435897436,N,0.0,1.0,0.0,1.0,0.0,1.0,0.0,0.0,0.0
0.4868050572047218,0.6679137678792909,1.0,1.0,1.0,0.23589001447178004,0.7435897435897436,Y,1.0,0.0,0.0,0.0,1.0,1.0,0.0,0.0,0.0
0.40144653714884976,0.6053275593958316,1.0,0.0,1.0,0.12735166425470332,0.7435897435897436,Y,1.0,1.0,0.0,1.0,0.0,0.0,0.0,1.0,0.0
0.5006514088156993,0.6406099015945312,1.0,1.0,1.0,0.10419681620839363,0.6153846153846154,Y,0.0,0.0,0.0,1.0,0.0,1.0,0.0,0.0,0.0
0.549356862209715,0.6823473164580706,0.0,0.0,1.0,0.12445730824891461,0.7435897435897436,N,1.0,0.0,0.0,1.0,0.0,0.0,0.0,0.0,1.0
0.5655808538424175,0.5982804766737124,1.0,1.0,1.0,0.2575976845151954,0.7435897435897436,Y,1.0,1.0,0.0,1.0,0.0,0.0,0.0,0.0,1.0
0.5116173332069863,0.5727015562616928,1.0,1.0,1.0,0.15050651230101303,1.0,N,0.0,0.0,0.0,0.0,1.0,1.0,0.0,0.0,0.0
0.5116173332069863,0.7236282049922511,1.0,1.0,1.0,0.24167872648335745,0.7435897435897436,N,0.0,0.0,0.0,0.0,1.0,1.0,0.0,0.0,0.0
0.30153367829302163,0.6660741123502633,1.0,1.0,1.0,0.14616497829232997,0.7435897435897436,N,1.0,1.0,0.0,0.0,1.0,0.0,1.0,0.0,0.0
0.48476058750845946,0.7017570808558324,0.0,1.0,1.0,0.24746743849493488,0.6153846153846154,N,1.0,0.0,0.0,1.0,0.0,0.0,0.0,0.0,1.0
0.4928806654470272,0.6236890297093794,1.0,0.0,1.0,0.17510853835021709,0.7435897435897436,Y,1.0,1.0,0.0,1.0,0.0,0.0,0.0,0.0,1.0
0.5156350602037914,0.6483581830338082,1.0,1.0,0.0,0.1476121562952243,0.7435897435897436,Y,0.0,1.0,0.0,1.0,0.0,1.0,0.0,0.0,0.0
0.4403517078639709,0.6823473164580706,1.0,1.0,1.0,0.2865412445730825,0.7435897435897436,Y,1.0,1.0,0.0,1.0,0.0,0.0,1.0,0.0,0.0
0.35249603211593084,0.6057341683625548,1.0,1.0,0.0,0.22865412445730826,0.7435897435897436,N,1.0,1.0,0.0,0.0,1.0,0.0,0.0,1.0,0.0
0.5863210547779028,0.6285313501419083,1.0,1.0,1.0,0.3704775687409551,0.7435897435897436,N,1.0,0.0,0.0,1.0,0.0,1.0,0.0,0.0,0.0
0.521397725149336,0.6724398906440847,1.0,1.0,1.0,0.059334298118668596,0.48717948717948717,Y,1.0,0.0,0.0,0.0,1.0,0.0,1.0,0.0,0.0
0.4384153919725845,0.6435088498694673,1.0,1.0,1.0,0.1837916063675832,0.7435897435897436,Y,0.0,0.0,0.0,1.0,0.0,1.0,0.0,0.0,0.0
0.4928806654470272,0.6135412800653509,0.0,0.0,1.0,0.13024602026049203,0.7435897435897436,Y,1.0,0.0,0.0,1.0,0.0,0.0,0.0,1.0,0.0
0.44717154883837823,0.6208369552105651,1.0,1.0,1.0,0.13748191027496381,0.7435897435897436,Y,1.0,0.0,0.0,1.0,0.0,1.0,0.0,0.0,0.0
0.6429112951563338,0.6571971962145389,1.0,1.0,1.0,0.29088277858176553,0.7435897435897436,Y,0.0,0.0,0.0,0.0,1.0,1.0,0.0,0.0,0.0
0.5780288670626184,0.7069626158698274,1.0,1.0,1.0,0.2402315484804631,0.7435897435897436,Y,1.0,0.0,0.0,1.0,0.0,1.0,0.0,0.0,0.0
0.47390933534011936,0.660829615926101,1.0,1.0,1.0,0.17655571635311143,0.7435897435897436,Y,1.0,0.0,0.0,1.0,0.0,1.0,0.0,0.0,0.0
0.5928094193837348,0.7458007498417653,1.0,1.0,1.0,0.2590448625180897,0.358974358974359,Y,1.0,0.0,0.0,1.0,0.0,0.0,0.0,1.0,0.0
0.4899933406153977,0.6015385015127077,1.0,0.0,1.0,0.10419681620839363,0.7435897435897436,Y,1.0,0.0,0.0,0.0,1.0,0.0,0.0,1.0,0.0
0.5270741601749728,0.6571971962145389,1.0,1.0,1.0,0.16353111432706222,0.7435897435897436,Y,0.0,0.0,0.0,1.0,0.0,1.0,0.0,0.0,0.0
0.506009540721197,0.5567761352829691,1.0,0.0,1.0,0.023154848046309694,0.23076923076923078,Y,0.0,0.0,0.0,1.0,0.0,1.0,0.0,0.0,0.0
0.6057935538886718,0.6571971962145389,1.0,1.0,1.0,0.22489146164978294,0.7435897435897436,N,0.0,1.0,0.0,0.0,1.0,1.0,0.0,0.0,0.0
0.446151045421742,0.6314391927655654,1.0,1.0,0.0,0.18523878437047755,0.7435897435897436,Y,1.0,1.0,0.0,1.0,0.0,1.0,0.0,0.0,0.0
0.4098660400726982,0.5249430999236416,1.0,1.0,1.0,0.059334298118668596,0.7435897435897436,Y,1.0,0.0,0.0,1.0,0.0,1.0,0.0,0.0,0.0
0.529175346252,0.6327362063275457,1.0,0.0,1.0,0.15340086830680175,0.358974358974359,Y,1.0,0.0,0.0,1.0,0.0,1.0,0.0,0.0,0.0
0.39129593842691685,0.6862449360118453,1.0,1.0,1.0,0.17655571635311143,0.7435897435897436,Y,1.0,0.0,0.0,1.0,0.0,1.0,0.0,0.0,0.0
0.5329259417293417,0.6758391892588959,1.0,0.0,1.0,0.17945007235890015,0.358974358974359,Y,1.0,0.0,0.0,0.0,1.0,0.0,0.0,1.0,0.0
0.5522715035363819,0.6954298520871817,1.0,1.0,1.0,0.20549927641099855,0.7435897435897436,Y,0.0,0.0,0.0,1.0,0.0,1.0,0.0,0.0,0.0
0.7169689160935647,0.6823473164580706,1.0,1.0,1.0,0.18929088277858178,0.7435897435897436,Y,1.0,0.0,0.0,0.0,1.0,1.0,0.0,0.0,0.0
0.5458760991671152,0.6877455926263577,1.0,1.0,1.0,0.18929088277858178,0.7435897435897436,Y,1.0,0.0,0.0,1.0,0.0,1.0,0.0,0.0,0.0
0.5143903955729425,0.48938957561152807,1.0,1.0,1.0,0.21852387843704776,0.7435897435897436,Y,1.0,0.0,0.0,0.0,1.0,1.0,0.0,0.0,0.0
0.47888166393409526,0.5290873836485391,1.0,1.0,1.0,0.1316931982633864,0.7435897435897436,Y,1.0,0.0,0.0,0.0,1.0,0.0,1.0,0.0,0.0
0.6885759913756909,0.5404286266563587,1.0,1.0,1.0,0.3125904486251809,0.7435897435897436,Y,1.0,0.0,0.0,0.0,1.0,0.0,0.0,1.0,0.0
0.6182090044186648,0.6571971962145389,1.0,0.0,1.0,0.16063675832127353,0.7435897435897436,N,0.0,1.0,1.0,0.0,0.0,1.0,0.0,0.0,0.0
0.5137225674428689,0.688348006244947,0.0,1.0,1.0,0.2995658465991317,0.7435897435897436,N,1.0,0.0,0.0,0.0,1.0,0.0,0.0,1.0,0.0
0.41724910099034845,0.48938957561152807,1.0,0.0,1.0,0.12301013024602026,1.0,Y,1.0,0.0,0.0,1.0,0.0,0.0,0.0,0.0,1.0
0.5670828765600039,0.6571971962145389,1.0,1.0,1.0,0.1837916063675832,0.7435897435897436,Y,0.0,0.0,0.0,0.0,1.0,1.0,0.0,0.0,0.0
0.47234338315482655,0.6331416230904511,1.0,1.0,0.0,0.18813314037626627,0.7435897435897436,Y,1.0,1.0,0.0,1.0,0.0,1.0,0.0,0.0,0.0
0.5038879137427221,0.705333507666926,0.0,0.0,1.0,0.20694645441389292,0.7435897435897436,N,1.0,0.0,1.0,0.0,0.0,1.0,0.0,0.0,0.0
0.6207462955309179,0.6483581830338082,1.0,1.0,0.0,0.14312590448625181,0.7435897435897436,Y,0.0,1.0,0.0,1.0,0.0,0.0,1.0,0.0,0.0
0.5589238789514464,0.6571971962145389,1.0,1.0,1.0,0.1577424023154848,0.7435897435897436,Y,0.0,1.0,0.0,1.0,0.0,1.0,0.0,0.0,0.0
0.7274777325166011,0.6327362063275457,1.0,1.0,1.0,0.25470332850940663,0.358974358974359,Y,1.0,0.0,1.0,0.0,0.0,0.0,1.0,0.0,0.0
0.48476058750845946,0.6303843987372819,1.0,1.0,0.0,0.2098408104196816,0.7435897435897436,Y,1.0,1.0,0.0,1.0,0.0,1.0,0.0,0.0,0.0
0.4278615969181426,0.5679658534287767,1.0,1.0,1.0,0.10998552821997105,0.7435897435897436,Y,1.0,0.0,0.0,0.0,1.0,0.0,1.0,0.0,0.0
0.5744442805521996,0.6222709816313376,1.0,1.0,1.0,0.2402315484804631,0.7435897435897436,N,1.0,0.0,1.0,0.0,0.0,1.0,0.0,0.0,0.0
0.6738692100574645,0.6483581830338082,1.0,1.0,0.0,0.361794500723589,0.7435897435897436,Y,0.0,1.0,0.0,0.0,1.0,1.0,0.0,0.0,0.0
0.5772454822499689,0.6501700529904018,1.0,1.0,1.0,0.24746743849493488,0.7435897435897436,Y,1.0,0.0,1.0,0.0,0.0,1.0,0.0,0.0,0.0
0.5283382021226612,0.6483581830338082,1.0,1.0,0.0,0.05065123010130246,0.7435897435897436,Y,0.0,1.0,0.0,1.0,0.0,1.0,0.0,0.0,0.0
0.4222353600980034,0.8046798181281685,0.0,1.0,0.0,0.18523878437047755,0.7435897435897436,Y,0.0,1.0,0.0,1.0,0.0,1.0,0.0,0.0,0.0
0.4738555930366069,0.6823473164580706,1.0,1.0,1.0,0.10419681620839363,0.7435897435897436,Y,1.0,0.0,0.0,1.0,0.0,0.0,0.0,1.0,0.0
0.5333701232791311,0.6144290559505051,1.0,0.0,1.0,0.26772793053545585,0.7435897435897436,Y,1.0,0.0,1.0,0.0,0.0,1.0,0.0,0.0,0.0
0.5091398076492194,0.6483581830338082,1.0,1.0,0.0,0.12156295224312591,0.7435897435897436,Y,0.0,1.0,1.0,0.0,0.0,1.0,0.0,0.0,0.0
0.8053526069007803,0.6823473164580706,1.0,1.0,1.0,0.5224312590448625,0.7435897435897436,Y,1.0,0.0,1.0,0.0,0.0,0.0,0.0,0.0,1.0
0.5164183361661919,0.5882847271020913,1.0,1.0,1.0,0.15904486251808975,0.7435897435897436,Y,0.0,0.0,1.0,0.0,0.0,1.0,0.0,0.0,0.0
0.6754646539222351,0.6968927244959129,0.0,1.0,1.0,0.21852387843704776,0.358974358974359,N,1.0,1.0,0.0,0.0,1.0,0.0,1.0,0.0,0.0
0.5884262890137854,0.6454054351388,1.0,1.0,1.0,0.2503617945007236,0.7435897435897436,N,1.0,0.0,1.0,0.0,0.0,1.0,0.0,0.0,0.0
0.7789977180797496,0.5727015562616928,1.0,1.0,1.0,0.9276410998552822,1.0,Y,0.0,1.0,0.0,0.0,1.0,1.0,0.0,0.0,0.0
0.4128131983565205,0.6089411033505301,1.0,1.0,1.0,0.09406657018813314,0.7435897435897436,Y,0.0,0.0,0.0,0.0,1.0,1.0,0.0,0.0,0.0
0.4604600595421907,0.6571971962145389,1.0,1.0,1.0,0.08827785817655572,0.7435897435897436,Y,0.0,0.0,0.0,1.0,0.0,1.0,0.0,0.0,0.0
0.49877851538022105,0.5358252858469339,1.0,1.0,1.0,0.023154848046309694,0.23076923076923078,Y,1.0,1.0,0.0,1.0,0.0,1.0,0.0,0.0,0.0
0.5539689993954404,0.6571971962145389,1.0,1.0,1.0,0.1345875542691751,0.7435897435897436,Y,0.0,0.0,0.0,1.0,0.0,1.0,0.0,0.0,0.0
0.5218752704092948,0.7859322724879336,1.0,1.0,1.0,0.40665701881331406,0.7435897435897436,N,1.0,0.0,0.0,1.0,0.0,0.0,0.0,0.0,1.0
0.543500947786282,0.6412769019030378,1.0,1.0,0.0,0.1085383502170767,0.7435897435897436,N,1.0,1.0,1.0,0.0,0.0,1.0,0.0,0.0,0.0
0.49206790126385963,0.6847627410367992,1.0,1.0,1.0,0.11432706222865413,0.7435897435897436,Y,1.0,1.0,0.0,0.0,1.0,0.0,0.0,1.0,0.0
0.7319483287792958,0.6571971962145389,0.0,1.0,1.0,0.33719247467438496,0.7435897435897436,N,0.0,0.0,0.0,1.0,0.0,1.0,0.0,0.0,0.0
0.5296301186970873,0.5708461686878156,1.0,0.0,1.0,0.1736613603473227,0.7435897435897436,N,1.0,0.0,1.0,0.0,0.0,0.0,0.0,1.0,0.0
0.5586718886313256,0.6187162694177739,1.0,1.0,1.0,0.25470332850940663,0.7435897435897436,N,1.0,0.0,1.0,0.0,0.0,0.0,0.0,1.0,0.0
0.5700743426644491,0.6571971962145389,1.0,1.0,1.0,0.2301013024602026,0.7435897435897436,Y,0.0,0.0,0.0,0.0,1.0,1.0,0.0,0.0,0.0
0.6096828246461689,0.6598825586134006,1.0,1.0,1.0,0.2402315484804631,0.358974358974359,Y,0.0,1.0,0.0,1.0,0.0,1.0,0.0,0.0,0.0
0.4592861778316726,0.6156866600405418,1.0,1.0,1.0,0.16353111432706222,0.7435897435897436,Y,1.0,0.0,0.0,1.0,0.0,1.0,0.0,0.0,0.0
0.693240222911653,0.6327362063275457,1.0,1.0,1.0,0.2575976845151954,0.358974358974359,Y,1.0,0.0,0.0,0.0,1.0,0.0,0.0,1.0,0.0
0.4359784008756922,0.7163505872960173,1.0,1.0,0.0,0.1316931982633864,0.7435897435897436,Y,1.0,1.0,0.0,1.0,0.0,1.0,0.0,0.0,0.0
0.7305326555644664,0.6412769019030378,1.0,1.0,0.0,0.08827785817655572,0.7435897435897436,Y,1.0,1.0,0.0,0.0,1.0,0.0,0.0,1.0,0.0
0.36995585748784054,0.5704003941573648,1.0,1.0,1.0,0.030390738060781478,0.7435897435897436,Y,1.0,0.0,0.0,0.0,1.0,0.0,1.0,0.0,0.0
0.6675131409546515,0.5902865717357472,1.0,1.0,0.0,0.3125904486251809,0.7435897435897436,N,0.0,1.0,1.0,0.0,0.0,1.0,0.0,0.0,0.0
0.5528284511616219,0.5016115936642596,1.0,1.0,1.0,0.1678726483357453,0.7435897435897436,Y,1.0,0.0,0.0,1.0,0.0,1.0,0.0,0.0,0.0
0.5934945736737801,0.6571971962145389,0.0,1.0,1.0,0.1577424023154848,0.7435897435897436,N,0.0,0.0,1.0,0.0,0.0,1.0,0.0,0.0,0.0
0.4519931122867301,0.6935433601863131,1.0,1.0,1.0,0.20694645441389292,0.7435897435897436,Y,1.0,1.0,1.0,0.0,0.0,1.0,0.0,0.0,0.0
0.6536717438444183,0.6571971962145389,1.0,1.0,1.0,0.34008683068017365,0.7435897435897436,N,0.0,0.0,0.0,0.0,1.0,1.0,0.0,0.0,0.0
0.4326001777641123,0.6823473164580706,1.0,0.0,1.0,0.15050651230101303,0.7435897435897436,N,1.0,0.0,1.0,0.0,0.0,0.0,0.0,1.0,0.0
0.4890679773883466,0.6571971962145389,1.0,1.0,1.0,0.059334298118668596,0.7435897435897436,Y,0.0,0.0,0.0,0.0,1.0,1.0,0.0,0.0,0.0
0.8878507594497259,0.6327362063275457,0.0,1.0,1.0,0.8552821997105644,0.358974358974359,Y,1.0,0.0,0.0,1.0,0.0,0.0,0.0,0.0,1.0
0.5863210547779028,0.6823473164580706,1.0,1.0,1.0,0.21852387843704776,0.7435897435897436,Y,1.0,0.0,1.0,0.0,0.0,0.0,1.0,0.0,0.0
0.659994941270473,0.6823473164580706,1.0,1.0,1.0,0.2575976845151954,0.7435897435897436,Y,1.0,0.0,0.0,0.0,1.0,0.0,1.0,0.0,0.0
0.4750870918050551,0.6187162694177739,1.0,1.0,1.0,0.16063675832127353,0.7435897435897436,Y,0.0,1.0,1.0,0.0,0.0,1.0,0.0,0.0,0.0
0.543500947786282,0.7451462956198325,1.0,1.0,1.0,0.35600578871201155,0.7435897435897436,Y,1.0,0.0,0.0,1.0,0.0,1.0,0.0,0.0,0.0
0.4004260337322135,0.5304393553015907,1.0,0.0,1.0,0.1287988422575977,0.7435897435897436,Y,1.0,0.0,0.0,1.0,0.0,1.0,0.0,0.0,0.0
0.630709314510421,0.6823473164580706,1.0,1.0,1.0,0.3849493487698987,0.7435897435897436,N,1.0,0.0,0.0,0.0,1.0,1.0,0.0,0.0,0.0
0.48079697317523,0.5567429906904653,0.0,1.0,1.0,0.16208393632416787,0.7435897435897436,N,1.0,0.0,0.0,1.0,0.0,0.0,1.0,0.0,0.0
0.5283763499354268,0.5723502282309149,1.0,1.0,1.0,0.21562952243125905,0.7435897435897436,Y,1.0,0.0,1.0,0.0,0.0,0.0,0.0,1.0,0.0
0.6563711466246946,0.6327362063275457,1.0,1.0,1.0,0.0955137481910275,0.358974358974359,Y,1.0,0.0,0.0,0.0,1.0,1.0,0.0,0.0,0.0
0.5097842585704523,0.6719984733699123,1.0,1.0,1.0,0.2503617945007236,0.7435897435897436,Y,1.0,0.0,1.0,0.0,0.0,1.0,0.0,0.0,0.0
0.543500947786282,0.6412769019030378,1.0,1.0,0.0,0.14905933429811866,0.7435897435897436,N,1.0,1.0,1.0,0.0,0.0,1.0,0.0,0.0,0.0
0.44324524490808304,0.6785405626235381,1.0,1.0,1.0,0.1736613603473227,0.7435897435897436,Y,1.0,0.0,1.0,0.0,0.0,1.0,0.0,0.0,0.0
0.42950424726375624,0.5727015562616928,0.0,1.0,1.0,0.07814761215629522,1.0,N,0.0,0.0,0.0,1.0,0.0,1.0,0.0,0.0,0.0
0.6320460664674313,0.6823473164580706,1.0,1.0,1.0,0.276410998552822,0.7435897435897436,Y,1.0,0.0,0.0,1.0,0.0,0.0,0.0,1.0,0.0
0.3967144651214636,0.5979212653194448,1.0,0.0,1.0,0.12445730824891461,0.7435897435897436,Y,1.0,1.0,1.0,0.0,0.0,1.0,0.0,0.0,0.0
0.9288295914083677,0.6800462670481532,1.0,1.0,1.0,1.0,0.6153846153846154,Y,1.0,0.0,0.0,0.0,1.0,0.0,0.0,0.0,1.0
0.5016473513921303,0.6327362063275457,1.0,0.0,1.0,0.10419681620839363,0.358974358974359,N,1.0,0.0,1.0,0.0,0.0,0.0,0.0,0.0,1.0
0.5783912731118672,0.7451462956198325,1.0,1.0,1.0,0.2575976845151954,0.7435897435897436,Y,1.0,0.0,0.0,1.0,0.0,1.0,0.0,0.0,0.0
0.5349882506025848,0.48631448242954134,1.0,0.0,1.0,0.11287988422575977,0.7435897435897436,N,1.0,1.0,0.0,1.0,0.0,1.0,0.0,0.0,0.0
0.5005151136570342,0.6112295787998846,1.0,1.0,1.0,0.1548480463096961,0.7435897435897436,Y,1.0,0.0,1.0,0.0,0.0,1.0,0.0,0.0,0.0
0.4152410497970066,0.5866445457849989,1.0,1.0,1.0,0.13314037626628075,0.7435897435897436,Y,1.0,0.0,1.0,0.0,0.0,0.0,0.0,1.0,0.0
0.5729529255510969,0.8339264809198333,0.0,1.0,1.0,0.703328509406657,0.7435897435897436,N,1.0,0.0,0.0,1.0,0.0,0.0,0.0,0.0,1.0
0.5116173332069863,0.6823473164580706,1.0,1.0,1.0,0.1548480463096961,0.7435897435897436,Y,1.0,0.0,0.0,1.0,0.0,0.0,1.0,0.0,0.0
0.4361829167020531,0.5727015562616928,0.0,0.0,1.0,0.1345875542691751,1.0,N,0.0,0.0,0.0,0.0,1.0,1.0,0.0,0.0,0.0
0.5965789919802111,0.7774445614040255,0.0,1.0,1.0,0.24746743849493488,0.7435897435897436,N,1.0,0.0,0.0,0.0,1.0,0.0,1.0,0.0,0.0
0.4048846333767509,0.7317497901164906,0.0,1.0,1.0,0.08393632416787265,0.7435897435897436,N,0.0,0.0,1.0,0.0,0.0,1.0,0.0,0.0,0.0
0.5440894334066311,0.6327362063275457,1.0,1.0,1.0,0.09261939218523878,0.358974358974359,Y,1.0,0.0,0.0,1.0,0.0,1.0,0.0,0.0,0.0
0.8613019564229403,0.6823473164580706,1.0,1.0,1.0,0.36324167872648333,0.7435897435897436,N,1.0,0.0,0.0,1.0,0.0,0.0,1.0,0.0,0.0
0.506228923587115,0.6412769019030378,1.0,1.0,0.0,0.14327062228654125,0.7435897435897436,Y,1.0,1.0,0.0,1.0,0.0,1.0,0.0,0.0,0.0
0.8844286143257318,0.7236282049922511,1.0,1.0,1.0,0.16063675832127353,0.7435897435897436,Y,1.0,1.0,0.0,1.0,0.0,1.0,0.0,0.0,0.0
0.4252559178876762,0.6800462670481532,0.0,1.0,1.0,0.0824891461649783,0.6153846153846154,N,1.0,1.0,1.0,0.0,0.0,0.0,1.0,0.0,0.0
0.4395533326677593,0.6220330965184737,1.0,1.0,1.0,0.07091172214182344,0.7435897435897436,Y,1.0,0.0,1.0,0.0,0.0,1.0,0.0,0.0,0.0
0.23882671929462998,0.7374759340184314,1.0,1.0,1.0,0.2301013024602026,0.7435897435897436,Y,1.0,1.0,1.0,0.0,0.0,1.0,0.0,0.0,0.0
0.6564563661115487,0.6327362063275457,1.0,1.0,1.0,0.2590448625180897,0.358974358974359,Y,1.0,0.0,1.0,0.0,0.0,1.0,0.0,0.0,0.0
0.55364396275635,0.6571971962145389,1.0,0.0,1.0,0.056439942112879886,0.7435897435897436,Y,0.0,0.0,1.0,0.0,0.0,1.0,0.0,0.0,0.0
0.6964918508360393,0.6571971962145389,1.0,1.0,1.0,0.22431259044862517,0.7435897435897436,N,0.0,0.0,0.0,1.0,0.0,1.0,0.0,0.0,0.0
0.5871928452818145,0.6823473164580706,1.0,0.0,1.0,0.21852387843704776,0.7435897435897436,N,1.0,0.0,0.0,0.0,1.0,1.0,0.0,0.0,0.0
0.5161302097043128,0.6571971962145389,1.0,1.0,1.0,0.09696092619392185,0.7435897435897436,Y,0.0,0.0,0.0,1.0,0.0,1.0,0.0,0.0,0.0
0.5292891614098343,0.6571971962145389,1.0,1.0,1.0,0.16063675832127353,0.7435897435897436,Y,0.0,0.0,1.0,0.0,0.0,1.0,0.0,0.0,0.0
0.48263862332559826,0.6460971134626544,1.0,1.0,1.0,0.23299565846599132,0.7435897435897436,N,1.0,0.0,0.0,1.0,0.0,0.0,1.0,0.0,0.0
0.6385280732316607,0.6935433601863131,1.0,1.0,1.0,0.2575976845151954,0.7435897435897436,Y,0.0,0.0,1.0,0.0,0.0,1.0,0.0,0.0,0.0
0.4041362742908142,0.6348754055218252,1.0,0.0,0.0,0.16063675832127353,0.7435897435897436,Y,0.0,1.0,0.0,0.0,1.0,1.0,0.0,0.0,0.0
0.4967902587543729,0.6570887749400602,0.0,1.0,0.0,0.15050651230101303,0.7435897435897436,Y,1.0,1.0,0.0,1.0,0.0,1.0,0.0,0.0,0.0
0.6826620136269805,0.6571971962145389,1.0,1.0,1.0,0.10709117221418235,0.7435897435897436,N,0.0,1.0,0.0,0.0,1.0,1.0,0.0,0.0,0.0
0.4534054012022791,0.6419404247527936,1.0,0.0,1.0,0.11722141823444283,0.7435897435897436,Y,1.0,0.0,0.0,1.0,0.0,0.0,1.0,0.0,0.0
0.554875581627483,0.6571971962145389,0.0,1.0,1.0,0.2272069464544139,0.7435897435897436,Y,0.0,0.0,0.0,1.0,0.0,0.0,0.0,1.0,0.0
0.5215570663768403,0.6327362063275457,1.0,0.0,1.0,0.2678726483357453,0.358974358974359,N,1.0,0.0,0.0,0.0,1.0,0.0,0.0,0.0,1.0
0.5006514088156993,0.5354732289188978,1.0,0.0,1.0,0.18234442836468887,0.7435897435897436,Y,1.0,0.0,0.0,0.0,1.0,0.0,1.0,0.0,0.0
0.5185425077914037,0.6823473164580706,1.0,0.0,1.0,0.16642547033285093,0.7435897435897436,Y,1.0,0.0,0.0,1.0,0.0,0.0,0.0,1.0,0.0
0.5373128677043858,0.6483581830338082,1.0,0.0,0.0,0.16063675832127353,0.7435897435897436,Y,0.0,1.0,0.0,1.0,0.0,1.0,0.0,0.0,0.0
0.48857877152007967,0.6483581830338082,1.0,1.0,0.0,0.10274963820549927,0.7435897435897436,Y,0.0,1.0,0.0,0.0,1.0,1.0,0.0,0.0,0.0
0.5208787601787745,0.6435088498694673,1.0,0.0,1.0,0.06657018813314038,0.7435897435897436,Y,0.0,0.0,1.0,0.0,0.0,1.0,0.0,0.0,0.0
0.4458307896996026,0.6571971962145389,1.0,1.0,1.0,0.0723589001447178,0.7435897435897436,Y,0.0,0.0,0.0,0.0,1.0,1.0,0.0,0.0,0.0
0.4968832894044529,0.6571971962145389,1.0,1.0,1.0,0.170767004341534,0.7435897435897436,N,0.0,0.0,0.0,1.0,0.0,1.0,0.0,0.0,0.0
0.6675131409546515,0.6483581830338082,1.0,1.0,0.0,0.29667149059334297,0.7435897435897436,N,0.0,1.0,0.0,1.0,0.0,1.0,0.0,0.0,0.0
0.49744033271220467,0.553724623962312,0.0,1.0,1.0,0.17221418234442837,0.7435897435897436,N,1.0,0.0,0.0,1.0,0.0,0.0,0.0,0.0,1.0
0.627756855860921,0.6823473164580706,1.0,1.0,1.0,0.3342981186685962,0.7435897435897436,Y,1.0,1.0,0.0,0.0,1.0,0.0,1.0,0.0,0.0
0.5782519839423851,0.6823473164580706,1.0,0.0,1.0,0.17510853835021709,0.7435897435897436,Y,1.0,1.0,1.0,0.0,0.0,0.0,0.0,0.0,1.0
0.48506142582121914,0.6660319913840247,1.0,1.0,1.0,0.18523878437047755,0.7435897435897436,Y,1.0,0.0,0.0,0.0,1.0,1.0,0.0,0.0,0.0
0.5158002814880286,0.5231433133878411,1.0,0.0,1.0,0.1316931982633864,0.7435897435897436,Y,1.0,0.0,0.0,1.0,0.0,0.0,0.0,0.0,1.0
0.0,0.6001322054544653,1.0,1.0,1.0,0.18234442836468887,0.7435897435897436,N,1.0,0.0,1.0,0.0,0.0,1.0,0.0,0.0,0.0
0.510639481839747,0.5983521974410815,1.0,1.0,1.0,0.17655571635311143,0.7435897435897436,Y,1.0,0.0,0.0,1.0,0.0,1.0,0.0,0.0,0.0
0.5573423448965149,0.6823473164580706,0.0,1.0,1.0,0.09117221418234443,0.7435897435897436,N,1.0,1.0,0.0,1.0,0.0,0.0,0.0,1.0,0.0
0.5327404990981973,0.635840377697388,0.0,1.0,0.0,0.170767004341534,0.7435897435897436,Y,1.0,1.0,0.0,1.0,0.0,0.0,0.0,1.0,0.0
0.4283633335367545,0.6823473164580706,0.0,1.0,1.0,0.07380607814761216,0.7435897435897436,N,1.0,0.0,0.0,0.0,1.0,1.0,0.0,0.0,0.0
0.522232490125176,0.5941241036237719,1.0,1.0,1.0,0.1548480463096961,0.7435897435897436,Y,1.0,0.0,0.0,1.0,0.0,0.0,0.0,1.0,0.0
0.4746063366913864,0.6559538601753969,1.0,1.0,1.0,0.19536903039073805,0.7435897435897436,Y,0.0,0.0,0.0,1.0,0.0,1.0,0.0,0.0,0.0
0.6234325985262317,0.5265918429404235,1.0,1.0,1.0,0.2402315484804631,0.7435897435897436,Y,1.0,0.0,0.0,1.0,0.0,1.0,0.0,0.0,0.0
0.5928094193837348,0.6823473164580706,1.0,1.0,1.0,0.17221418234442837,0.7435897435897436,Y,1.0,0.0,0.0,1.0,0.0,1.0,0.0,0.0,0.0
0.488872475689499,0.6823473164580706,1.0,1.0,1.0,0.23299565846599132,0.7435897435897436,N,1.0,0.0,1.0,0.0,0.0,1.0,0.0,0.0,0.0
0.5486869229201966,0.6823473164580706,1.0,0.0,1.0,0.18668596237337193,0.7435897435897436,N,1.0,1.0,0.0,0.0,1.0,1.0,0.0,0.0,0.0
0.5928094193837348,0.5924828692944651,1.0,1.0,1.0,0.29088277858176553,0.7435897435897436,Y,1.0,0.0,0.0,1.0,0.0,0.0,0.0,1.0,0.0
0.5494571099967809,0.5552427552635403,1.0,1.0,1.0,0.21562952243125905,1.0,Y,1.0,0.0,0.0,1.0,0.0,1.0,0.0,0.0,0.0
0.5965789919802111,0.6571971962145389,1.0,1.0,1.0,0.276410998552822,0.7435897435897436,Y,0.0,1.0,1.0,0.0,0.0,1.0,0.0,0.0,0.0
0.4465983221100196,0.6169319586094728,1.0,1.0,1.0,0.13748191027496381,0.7435897435897436,Y,1.0,0.0,0.0,1.0,0.0,0.0,1.0,0.0,0.0
0.510169678603072,0.6327362063275457,1.0,1.0,1.0,0.04775687409551375,0.358974358974359,Y,1.0,1.0,1.0,0.0,0.0,1.0,0.0,0.0,0.0
0.4858608886126612,0.6468340495015932,1.0,0.0,1.0,0.16063675832127353,0.7435897435897436,Y,0.0,0.0,1.0,0.0,0.0,1.0,0.0,0.0,0.0
0.6385280732316607,0.6483581830338082,1.0,1.0,0.0,0.3921852387843705,0.7435897435897436,Y,0.0,1.0,0.0,1.0,0.0,1.0,0.0,0.0,0.0
0.4841571972445813,0.5986386770180471,1.0,1.0,1.0,0.18958031837916064,0.7435897435897436,Y,1.0,0.0,0.0,1.0,0.0,0.0,1.0,0.0,0.0
0.572491217568844,0.5547387209479895,1.0,1.0,1.0,0.23299565846599132,0.7435897435897436,Y,1.0,0.0,1.0,0.0,0.0,0.0,1.0,0.0,0.0
0.5794459004703729,0.6823473164580706,0.0,1.0,1.0,0.35600578871201155,0.7435897435897436,N,1.0,1.0,0.0,0.0,1.0,1.0,0.0,0.0,0.0
0.4989622112817708,0.6483581830338082,1.0,1.0,0.0,0.16353111432706222,0.7435897435897436,Y,0.0,1.0,0.0,0.0,1.0,1.0,0.0,0.0,0.0
0.5142237014190963,0.6483581830338082,1.0,1.0,0.0,0.14905933429811866,0.7435897435897436,Y,0.0,1.0,1.0,0.0,0.0,0.0,1.0,0.0,0.0
0.49201996192972336,0.6823473164580706,1.0,1.0,1.0,0.12590448625180897,0.7435897435897436,Y,1.0,0.0,0.0,1.0,0.0,0.0,1.0,0.0,0.0
0.5814524690762964,0.7301562255432753,1.0,1.0,1.0,0.16063675832127353,0.7435897435897436,Y,1.0,0.0,1.0,0.0,0.0,0.0,0.0,1.0,0.0
0.44780605212062585,0.6124548740349097,1.0,0.0,1.0,0.18958031837916064,0.358974358974359,N,1.0,0.0,0.0,0.0,1.0,0.0,1.0,0.0,0.0
0.4742850235203888,0.7468543215867016,1.0,1.0,1.0,0.21128798842257598,0.10256410256410256,Y,0.0,0.0,0.0,0.0,1.0,1.0,0.0,0.0,0.0
0.5928094193837348,0.5587161852287023,1.0,1.0,1.0,0.14327062228654125,0.7435897435897436,Y,1.0,1.0,1.0,0.0,0.0,0.0,0.0,1.0,0.0
0.4963242869720087,0.7143778360406212,1.0,0.0,1.0,0.1649782923299566,0.7435897435897436,Y,1.0,0.0,0.0,1.0,0.0,1.0,0.0,0.0,0.0
0.5876400902411734,0.7119342058025484,1.0,1.0,1.0,0.16063675832127353,0.358974358974359,N,0.0,1.0,0.0,0.0,1.0,1.0,0.0,0.0,0.0
0.6627210173552595,0.6823473164580706,1.0,1.0,1.0,0.14905933429811866,0.7435897435897436,Y,1.0,0.0,0.0,0.0,1.0,0.0,0.0,1.0,0.0
0.6016624687955509,0.6327362063275457,1.0,0.0,1.0,0.18523878437047755,0.358974358974359,Y,1.0,0.0,0.0,0.0,1.0,0.0,1.0,0.0,0.0
0.4697722327932171,0.6031367619174726,1.0,1.0,1.0,0.1649782923299566,1.0,Y,1.0,0.0,0.0,1.0,0.0,0.0,1.0,0.0,0.0
0.3957509066607563,0.60485153453507,1.0,1.0,1.0,0.11722141823444283,0.7435897435897436,Y,1.0,0.0,0.0,0.0,1.0,1.0,0.0,0.0,0.0
0.38285286792406376,0.6982081728821352,0.0,0.0,1.0,0.2778581765557164,0.7435897435897436,N,1.0,0.0,0.0,1.0,0.0,1.0,0.0,0.0,0.0
0.4973012548023911,0.6483581830338082,1.0,1.0,0.0,0.18668596237337193,0.7435897435897436,N,0.0,1.0,0.0,0.0,1.0,0.0,0.0,1.0,0.0
0.45236274701407553,0.623747773536099,1.0,0.0,1.0,0.13748191027496381,0.7435897435897436,Y,0.0,1.0,1.0,0.0,0.0,1.0,0.0,0.0,0.0
0.4570913730884188,0.7748017229004389,1.0,0.0,1.0,0.3907380607814761,0.358974358974359,Y,1.0,0.0,0.0,1.0,0.0,0.0,1.0,0.0,0.0
0.7446811422929923,0.6571971962145389,0.0,1.0,1.0,0.26483357452966716,0.7435897435897436,N,0.0,1.0,0.0,0.0,1.0,1.0,0.0,0.0,0.0
0.4804879461281923,0.6483581830338082,1.0,1.0,0.0,0.35600578871201155,0.7435897435897436,Y,0.0,1.0,1.0,0.0,0.0,0.0,0.0,0.0,1.0
0.5875086781947259,0.6571971962145389,0.0,0.0,1.0,0.15340086830680175,0.7435897435897436,N,0.0,0.0,1.0,0.0,0.0,1.0,0.0,0.0,0.0
0.5650971931843072,0.6823473164580706,1.0,1.0,1.0,0.12301013024602026,0.7435897435897436,N,1.0,0.0,0.0,0.0,1.0,0.0,0.0,0.0,1.0
0.7285639313801573,0.6197507309923944,1.0,1.0,1.0,0.426917510853835,0.7435897435897436,N,1.0,0.0,1.0,0.0,0.0,1.0,0.0,0.0,0.0
0.5551336581788026,0.6823473164580706,0.0,0.0,1.0,0.17221418234442837,0.7435897435897436,N,1.0,0.0,0.0,1.0,0.0,0.0,0.0,0.0,1.0
0.5885046954255326,0.709472685436142,1.0,1.0,1.0,0.4645441389290883,0.7435897435897436,Y,1.0,0.0,0.0,0.0,1.0,0.0,1.0,0.0,0.0
0.4164026349508238,0.6261908453234553,1.0,1.0,1.0,0.1808972503617945,0.7435897435897436,Y,0.0,0.0,0.0,1.0,0.0,1.0,0.0,0.0,0.0
0.4997862256562486,0.6416940319276355,1.0,1.0,0.0,0.21128798842257598,0.05128205128205128,N,0.0,1.0,0.0,1.0,0.0,0.0,1.0,0.0,0.0
0.6152997646592908,0.6483581830338082,1.0,1.0,0.0,0.16063675832127353,0.7435897435897436,Y,0.0,1.0,1.0,0.0,0.0,1.0,0.0,0.0,0.0
0.5625335430722121,0.6571971962145389,1.0,1.0,1.0,0.17221418234442837,0.7435897435897436,Y,0.0,1.0,0.0,1.0,0.0,1.0,0.0,0.0,0.0
0.5256060338586797,0.6828207916244653,1.0,1.0,1.0,0.20549927641099855,0.7435897435897436,Y,0.0,0.0,1.0,0.0,0.0,1.0,0.0,0.0,0.0
0.547778002249826,0.5669604956107419,1.0,1.0,1.0,0.2040520984081042,0.7435897435897436,Y,1.0,0.0,0.0,1.0,0.0,0.0,0.0,1.0,0.0
0.5345852605348257,0.6009075905621832,0.0,1.0,1.0,0.21852387843704776,0.7435897435897436,Y,1.0,0.0,0.0,0.0,1.0,0.0,0.0,0.0,1.0
0.4968832894044529,0.6483581830338082,1.0,1.0,0.0,0.18234442836468887,0.7435897435897436,N,0.0,1.0,1.0,0.0,0.0,1.0,0.0,0.0,0.0
0.46944098669668666,0.5819199759747788,1.0,1.0,0.0,0.11722141823444283,0.7435897435897436,Y,0.0,1.0,0.0,0.0,1.0,0.0,1.0,0.0,0.0
0.48823542930112857,0.6483581830338082,1.0,1.0,0.0,0.030390738060781478,0.7435897435897436,Y,0.0,1.0,0.0,0.0,1.0,1.0,0.0,0.0,0.0
0.684757741426596,0.6823473164580706,1.0,1.0,1.0,0.1837916063675832,0.7435897435897436,Y,1.0,0.0,0.0,0.0,1.0,1.0,0.0,0.0,0.0
0.467046636626574,0.6040998794741381,1.0,1.0,1.0,0.16931982633863965,0.7435897435897436,Y,0.0,0.0,1.0,0.0,0.0,1.0,0.0,0.0,0.0
0.45462336012088794,0.6269948908572742,1.0,1.0,1.0,0.2040520984081042,0.7435897435897436,Y,1.0,0.0,0.0,1.0,0.0,1.0,0.0,0.0,0.0
0.517851185570887,0.6823473164580706,1.0,1.0,1.0,0.11722141823444283,0.7435897435897436,Y,1.0,0.0,0.0,1.0,0.0,0.0,0.0,1.0,0.0
0.46232042151070746,0.6030676881039296,1.0,1.0,1.0,0.15340086830680175,0.7435897435897436,Y,1.0,0.0,0.0,1.0,0.0,0.0,1.0,0.0,0.0
0.5215968767367539,0.676267506469535,1.0,1.0,1.0,0.2865412445730825,0.7435897435897436,Y,1.0,0.0,0.0,1.0,0.0,1.0,0.0,0.0,0.0
0.4815157082680967,0.5587161852287023,1.0,1.0,1.0,0.10274963820549927,0.7435897435897436,Y,1.0,0.0,0.0,0.0,1.0,1.0,0.0,0.0,0.0
0.7274777325166011,0.6823473164580706,1.0,1.0,1.0,0.61794500723589,0.7435897435897436,Y,1.0,0.0,0.0,1.0,0.0,1.0,0.0,0.0,0.0
0.5257999849030315,0.6412769019030378,1.0,0.0,0.0,0.16642547033285093,0.7435897435897436,Y,1.0,1.0,1.0,0.0,0.0,1.0,0.0,0.0,0.0
0.5239674331487166,0.638116398192893,0.0,0.0,1.0,0.21562952243125905,0.7435897435897436,N,0.0,1.0,0.0,0.0,1.0,0.0,1.0,0.0,0.0
0.5189477677282529,0.4969263345874265,1.0,1.0,1.0,0.14905933429811866,0.7435897435897436,Y,1.0,0.0,0.0,1.0,0.0,1.0,0.0,0.0,0.0
0.4339877279216858,0.5235053110362597,1.0,1.0,1.0,0.09985528219971057,0.358974358974359,Y,1.0,0.0,0.0,0.0,1.0,0.0,0.0,1.0,0.0
0.395926534149481,0.5902865717357472,1.0,1.0,0.0,0.06512301013024602,0.7435897435897436,Y,0.0,1.0,0.0,0.0,1.0,1.0,0.0,0.0,0.0
0.782898208841879,0.6823473164580706,1.0,1.0,1.0,0.18929088277858178,0.7435897435897436,N,1.0,0.0,1.0,0.0,0.0,1.0,0.0,0.0,0.0
0.4843082596932633,0.6673729955414813,1.0,1.0,1.0,0.11577424023154848,0.7435897435897436,Y,0.0,0.0,1.0,0.0,0.0,1.0,0.0,0.0,0.0
0.4534054012022791,0.5941241036237719,1.0,1.0,0.0,0.13024602026049203,0.6153846153846154,N,0.0,1.0,0.0,1.0,0.0,1.0,0.0,0.0,0.0
0.5096555772563471,0.6135412800653509,1.0,1.0,1.0,0.16063675832127353,0.7435897435897436,Y,1.0,0.0,1.0,0.0,0.0,1.0,0.0,0.0,0.0
0.5267276696053665,0.6483581830338082,1.0,1.0,0.0,0.15340086830680175,0.7435897435897436,Y,0.0,1.0,0.0,1.0,0.0,1.0,0.0,0.0,0.0
0.6594942282832665,0.6571971962145389,1.0,1.0,1.0,0.2575976845151954,0.7435897435897436,Y,0.0,0.0,1.0,0.0,0.0,1.0,0.0,0.0,0.0
0.4800749732135032,0.6375907117853119,1.0,1.0,1.0,0.18813314037626627,0.7435897435897436,Y,1.0,0.0,1.0,0.0,0.0,1.0,0.0,0.0,0.0
0.5370241430816242,0.6823473164580706,0.0,1.0,1.0,0.170767004341534,0.7435897435897436,N,1.0,0.0,0.0,1.0,0.0,0.0,0.0,1.0,0.0
0.48405640912381426,0.5819199759747788,1.0,1.0,1.0,0.1808972503617945,0.7435897435897436,Y,1.0,0.0,0.0,0.0,1.0,0.0,0.0,1.0,0.0
0.5700743426644491,0.6698090281946926,0.0,1.0,0.0,0.1939218523878437,1.0,N,0.0,1.0,0.0,0.0,1.0,1.0,0.0,0.0,0.0
0.4395533326677593,0.6785787412643908,1.0,1.0,1.0,0.23589001447178004,0.7435897435897436,Y,1.0,0.0,0.0,1.0,0.0,1.0,0.0,0.0,0.0
0.5376010688007989,0.553724623962312,1.0,1.0,1.0,0.14616497829232997,0.7435897435897436,Y,1.0,1.0,0.0,0.0,1.0,0.0,0.0,0.0,1.0
0.6079582920560642,0.6823473164580706,1.0,1.0,1.0,0.276410998552822,0.7435897435897436,Y,1.0,0.0,0.0,1.0,0.0,0.0,1.0,0.0,0.0
0.5463537127601897,0.6412769019030378,1.0,1.0,0.0,0.18234442836468887,0.7435897435897436,Y,1.0,1.0,0.0,0.0,1.0,0.0,1.0,0.0,0.0
0.5573423448965149,0.6440106979106214,1.0,1.0,0.0,0.20549927641099855,1.0,N,0.0,1.0,1.0,0.0,0.0,1.0,0.0,0.0,0.0
0.4128131983565205,0.6619220560957412,1.0,1.0,1.0,0.15050651230101303,0.7435897435897436,N,1.0,0.0,0.0,0.0,1.0,0.0,1.0,0.0,0.0
0.3949581725430178,0.6623130502537424,0.0,0.0,1.0,0.12156295224312591,0.7435897435897436,N,1.0,0.0,0.0,0.0,1.0,1.0,0.0,0.0,0.0
0.46938571183571454,0.5965469402463177,1.0,0.0,1.0,0.1389290882778582,0.7435897435897436,Y,1.0,0.0,0.0,1.0,0.0,1.0,0.0,0.0,0.0
0.5573423448965149,0.6483581830338082,1.0,1.0,0.0,0.17800289435600578,0.7435897435897436,Y,0.0,1.0,1.0,0.0,0.0,1.0,0.0,0.0,0.0
0.3787016796313626,0.6003441430526998,1.0,1.0,1.0,0.12590448625180897,0.7435897435897436,Y,1.0,0.0,0.0,0.0,1.0,0.0,1.0,0.0,0.0
0.5218752704092948,0.6419404247527936,1.0,1.0,1.0,0.18958031837916064,0.7435897435897436,Y,0.0,0.0,1.0,0.0,0.0,1.0,0.0,0.0,0.0
0.4117044743511582,0.6571971962145389,1.0,0.0,1.0,0.15904486251808975,0.7435897435897436,N,0.0,0.0,0.0,0.0,1.0,1.0,0.0,0.0,0.0
0.5121251383070577,0.5902865717357472,1.0,1.0,0.0,0.18234442836468887,0.7435897435897436,Y,0.0,1.0,1.0,0.0,0.0,1.0,0.0,0.0,0.0
0.44068318423254627,0.6045104233731374,0.0,1.0,0.0,0.13748191027496381,0.7435897435897436,N,0.0,1.0,0.0,0.0,1.0,1.0,0.0,0.0,0.0
0.7795249183301896,0.6571971962145389,1.0,1.0,1.0,0.6816208393632417,0.7435897435897436,N,0.0,0.0,1.0,0.0,0.0,1.0,0.0,0.0,0.0
0.6252884299923337,0.6823473164580706,0.0,0.0,1.0,0.25470332850940663,0.7435897435897436,Y,1.0,0.0,1.0,0.0,0.0,0.0,0.0,1.0,0.0
0.4716908627948103,0.6483581830338082,1.0,1.0,0.0,0.1085383502170767,0.7435897435897436,Y,0.0,1.0,0.0,1.0,0.0,1.0,0.0,0.0,0.0
0.47223481562251524,0.6370099377089603,1.0,0.0,1.0,0.1476121562952243,0.7435897435897436,Y,0.0,0.0,0.0,1.0,0.0,1.0,0.0,0.0,0.0
0.44761596695411043,0.6483581830338082,1.0,1.0,0.0,0.06801736613603473,0.7435897435897436,Y,0.0,1.0,1.0,0.0,0.0,1.0,0.0,0.0,0.0
0.5794459004703729,0.5951208453261616,0.0,1.0,1.0,0.19536903039073805,0.15384615384615385,Y,1.0,1.0,1.0,0.0,0.0,0.0,0.0,1.0,0.0
0.44544562910452334,0.6031367619174726,1.0,1.0,1.0,0.2170767004341534,0.7435897435897436,N,1.0,0.0,1.0,0.0,0.0,1.0,0.0,0.0,0.0
0.49599729199176096,0.5882847271020913,1.0,0.0,1.0,0.1476121562952243,0.358974358974359,Y,1.0,0.0,0.0,0.0,1.0,0.0,1.0,0.0,0.0
0.5102124454164939,0.6823473164580706,1.0,1.0,1.0,0.16063675832127353,0.7435897435897436,Y,1.0,0.0,0.0,1.0,0.0,0.0,0.0,1.0,0.0
0.41624824653545617,0.6217947659276101,1.0,1.0,1.0,0.11432706222865413,0.7435897435897436,Y,1.0,0.0,0.0,0.0,1.0,1.0,0.0,0.0,0.0
0.5025024899015246,0.6483581830338082,1.0,1.0,0.0,0.14905933429811866,0.7435897435897436,Y,0.0,1.0,0.0,1.0,0.0,0.0,1.0,0.0,0.0
0.6675131409546515,0.6823473164580706,1.0,1.0,1.0,0.21128798842257598,0.7435897435897436,N,1.0,1.0,1.0,0.0,0.0,0.0,1.0,0.0,0.0
0.44068318423254627,0.623747773536099,1.0,1.0,1.0,0.15340086830680175,0.7435897435897436,Y,1.0,0.0,0.0,1.0,0.0,1.0,0.0,0.0,0.0
0.5349150556387662,0.3132951093226215,1.0,1.0,1.0,0.16642547033285093,0.7435897435897436,Y,1.0,0.0,0.0,1.0,0.0,0.0,0.0,0.0,1.0
0.5051731132649915,0.5843442111445671,1.0,0.0,1.0,0.21114327062228655,0.7435897435897436,Y,1.0,0.0,1.0,0.0,0.0,0.0,0.0,1.0,0.0
0.4847103923837336,0.6645062768281792,1.0,1.0,0.0,0.17800289435600578,0.7435897435897436,Y,0.0,1.0,1.0,0.0,0.0,1.0,0.0,0.0,0.0
0.7319589253232595,0.6823473164580706,1.0,1.0,1.0,0.4211287988422576,0.7435897435897436,Y,1.0,0.0,1.0,0.0,0.0,0.0,0.0,0.0,1.0
0.6447560565929622,0.7297227753653877,0.0,1.0,1.0,0.5311143270622286,0.7435897435897436,N,1.0,1.0,1.0,0.0,0.0,0.0,1.0,0.0,0.0
0.5546817488459924,0.6571971962145389,0.0,1.0,1.0,0.17510853835021709,0.7435897435897436,Y,0.0,0.0,1.0,0.0,0.0,1.0,0.0,0.0,0.0
0.5814251522658616,0.623335996200542,1.0,1.0,1.0,0.2532561505065123,0.7435897435897436,Y,1.0,1.0,0.0,1.0,0.0,1.0,0.0,0.0,0.0
0.5345852605348257,0.6394211922577643,1.0,1.0,0.0,0.14616497829232997,0.7435897435897436,N,1.0,1.0,0.0,0.0,1.0,1.0,0.0,0.0,0.0
0.44717154883837823,0.6483581830338082,1.0,1.0,0.0,0.08393632416787265,0.7435897435897436,Y,0.0,1.0,0.0,0.0,1.0,1.0,0.0,0.0,0.0
0.5364451156247697,0.5996363075332598,1.0,1.0,1.0,0.15629522431259044,0.7435897435897436,Y,0.0,0.0,0.0,0.0,1.0,0.0,1.0,0.0,0.0
0.47266864151074234,0.6571971962145389,1.0,1.0,1.0,0.1287988422575977,0.7435897435897436,Y,0.0,0.0,0.0,1.0,0.0,1.0,0.0,0.0,0.0
0.467046636626574,0.6571971962145389,1.0,1.0,1.0,0.08972503617945007,0.7435897435897436,Y,0.0,0.0,0.0,0.0,1.0,1.0,0.0,0.0,0.0
0.9609033179700026,0.6327362063275457,1.0,1.0,1.0,0.6960926193921853,0.358974358974359,Y,1.0,1.0,0.0,0.0,1.0,1.0,0.0,0.0,0.0
0.6648363814972787,0.6024443309475523,1.0,1.0,1.0,0.2503617945007236,0.358974358974359,Y,1.0,1.0,0.0,0.0,1.0,0.0,1.0,0.0,0.0
0.5725778900391134,0.7164640173376869,1.0,1.0,1.0,0.08827785817655572,0.7435897435897436,Y,1.0,1.0,0.0,1.0,0.0,1.0,0.0,0.0,0.0
0.5650971931843072,0.47773133189734474,1.0,1.0,1.0,0.21852387843704776,0.7435897435897436,Y,1.0,1.0,1.0,0.0,0.0,0.0,1.0,0.0,0.0
0.44717154883837823,0.71954437338539,1.0,1.0,1.0,0.24167872648335745,0.7435897435897436,Y,1.0,1.0,1.0,0.0,0.0,0.0,0.0,1.0,0.0
0.3975853870875234,0.6483581830338082,0.0,0.0,0.0,0.27182826821032324,0.7435897435897436,N,0.0,1.0,0.0,0.0,1.0,0.0,0.0,0.0,1.0
0.5281091227731955,0.6483581830338082,1.0,1.0,0.0,0.08972503617945007,0.7435897435897436,Y,0.0,1.0,0.0,1.0,0.0,1.0,0.0,0.0,0.0
0.4562529385685753,0.5841038550800609,1.0,0.0,1.0,0.23733719247467439,0.7435897435897436,N,1.0,0.0,1.0,0.0,0.0,0.0,0.0,0.0,1.0
0.43921948910641173,0.6483581830338082,1.0,1.0,0.0,0.053545586107091175,0.7435897435897436,N,0.0,1.0,1.0,0.0,0.0,1.0,0.0,0.0,0.0
0.5424920042708199,0.5515683493373666,1.0,0.0,1.0,0.21562952243125905,0.7435897435897436,Y,1.0,0.0,0.0,0.0,1.0,0.0,1.0,0.0,0.0
0.48506142582121914,0.6823473164580706,1.0,0.0,1.0,0.09406657018813314,0.7435897435897436,Y,1.0,0.0,0.0,1.0,0.0,0.0,0.0,0.0,1.0
0.45236274701407553,0.6329778634731815,1.0,1.0,1.0,0.1678726483357453,0.7435897435897436,Y,1.0,1.0,1.0,0.0,0.0,0.0,0.0,1.0,0.0
0.447107958975108,0.6397841501278482,1.0,1.0,1.0,0.21852387843704776,0.7435897435897436,Y,1.0,0.0,0.0,1.0,0.0,1.0,0.0,0.0,0.0
0.5016924735673444,0.6745455201976751,0.0,0.0,1.0,0.20694645441389292,0.7435897435897436,N,1.0,0.0,1.0,0.0,0.0,1.0,0.0,0.0,0.0
0.4804879461281923,0.6238064902607063,1.0,0.0,1.0,0.16931982633863965,0.7435897435897436,Y,1.0,0.0,0.0,0.0,1.0,0.0,0.0,1.0,0.0
0.594906287985724,0.7190731620289306,1.0,1.0,1.0,0.361794500723589,0.7435897435897436,Y,1.0,0.0,0.0,1.0,0.0,1.0,0.0,0.0,0.0
0.4549263971261708,0.7585553702307181,1.0,1.0,1.0,0.2575976845151954,0.7435897435897436,Y,1.0,0.0,1.0,0.0,0.0,1.0,0.0,0.0,0.0
0.6522259278063077,0.6823473164580706,1.0,1.0,1.0,0.31693198263386396,0.7435897435897436,Y,1.0,0.0,0.0,1.0,0.0,1.0,0.0,0.0,0.0
0.646289279361056,0.7069626158698274,1.0,1.0,1.0,0.43270622286541244,0.7435897435897436,N,0.0,0.0,1.0,0.0,0.0,1.0,0.0,0.0,0.0
0.45738974535761334,0.6187162694177739,1.0,1.0,1.0,0.12445730824891461,0.7435897435897436,Y,1.0,0.0,1.0,0.0,0.0,0.0,0.0,0.0,1.0
0.572491217568844,0.6412769019030378,0.0,1.0,0.0,0.1389290882778582,0.7435897435897436,N,1.0,1.0,1.0,0.0,0.0,1.0,0.0,0.0,0.0
0.4421991342712291,0.4383760421499421,1.0,1.0,0.0,0.17510853835021709,0.7435897435897436,Y,1.0,1.0,0.0,1.0,0.0,1.0,0.0,0.0,0.0
0.5142653913501217,1.0,1.0,1.0,0.0,0.1548480463096961,0.358974358974359,Y,0.0,1.0,0.0,0.0,1.0,1.0,0.0,0.0,0.0
0.6385280732316607,0.6720386655377272,1.0,1.0,1.0,0.22575976845151954,0.7435897435897436,Y,1.0,0.0,1.0,0.0,0.0,0.0,0.0,1.0,0.0
0.5168290414622171,0.6823473164580706,1.0,1.0,1.0,0.08393632416787265,0.7435897435897436,N,1.0,0.0,0.0,0.0,1.0,0.0,1.0,0.0,0.0
0.4761502587197662,0.5902865717357472,0.0,0.0,1.0,0.1316931982633864,1.0,N,1.0,0.0,0.0,0.0,1.0,1.0,0.0,0.0,0.0
0.5625643071991103,0.6720386655377272,1.0,1.0,1.0,0.276410998552822,0.7435897435897436,Y,1.0,0.0,0.0,1.0,0.0,0.0,0.0,0.0,1.0
0.5482835997320104,0.6483581830338082,1.0,1.0,0.0,0.10419681620839363,0.7435897435897436,N,0.0,1.0,0.0,1.0,0.0,0.0,1.0,0.0,0.0
0.5573423448965149,0.6906948429064828,1.0,1.0,1.0,0.32850940665701883,0.7435897435897436,Y,1.0,0.0,0.0,1.0,0.0,0.0,0.0,1.0,0.0
0.5491896419300889,0.6331416230904511,1.0,1.0,1.0,0.17510853835021709,0.7435897435897436,Y,1.0,0.0,0.0,0.0,1.0,1.0,0.0,0.0,0.0
0.4768375231182241,0.6665365252393528,1.0,1.0,1.0,0.12445730824891461,0.6153846153846154,Y,1.0,0.0,0.0,0.0,1.0,1.0,0.0,0.0,0.0
0.6067282396820828,0.6571971962145389,1.0,1.0,1.0,0.191027496382055,0.7435897435897436,Y,0.0,1.0,1.0,0.0,0.0,1.0,0.0,0.0,0.0
0.591942409809181,0.6571971962145389,1.0,0.0,1.0,0.17945007235890015,0.7435897435897436,N,0.0,0.0,1.0,0.0,0.0,1.0,0.0,0.0,0.0
0.44717154883837823,0.5727015562616928,1.0,1.0,1.0,0.12590448625180897,1.0,N,0.0,0.0,0.0,1.0,0.0,1.0,0.0,0.0,0.0
0.5612360431229811,0.6571971962145389,0.0,1.0,1.0,0.16642547033285093,0.7435897435897436,N,0.0,0.0,1.0,0.0,0.0,1.0,0.0,0.0,0.0
0.5947053805661803,0.6823473164580706,1.0,1.0,1.0,0.2402315484804631,0.7435897435897436,Y,1.0,0.0,0.0,1.0,0.0,0.0,1.0,0.0,0.0
0.7755235930321414,0.7367529525343269,1.0,1.0,1.0,0.8118668596237337,0.7435897435897436,N,1.0,0.0,1.0,0.0,0.0,1.0,0.0,0.0,0.0
0.7398045721631492,0.6483581830338082,1.0,1.0,0.0,0.06657018813314038,0.7435897435897436,Y,0.0,1.0,0.0,1.0,0.0,1.0,0.0,0.0,0.0
0.5631170456812447,0.6823473164580706,1.0,1.0,1.0,0.21128798842257598,0.7435897435897436,Y,1.0,0.0,0.0,1.0,0.0,0.0,0.0,1.0,0.0
0.6563711466246946,0.7879362856404364,1.0,1.0,1.0,0.5369030390738061,0.6153846153846154,Y,1.0,1.0,1.0,0.0,0.0,0.0,0.0,1.0,0.0
0.4794015952486402,0.6127113345717258,0.0,1.0,1.0,0.1476121562952243,0.358974358974359,N,0.0,0.0,0.0,0.0,1.0,0.0,1.0,0.0,0.0
0.4631275324419083,0.5734013160909831,1.0,1.0,0.0,0.14616497829232997,0.7435897435897436,Y,0.0,1.0,0.0,0.0,1.0,1.0,0.0,0.0,0.0
0.5514159084290879,0.51512795791699,1.0,1.0,1.0,0.16063675832127353,0.358974358974359,Y,1.0,0.0,0.0,0.0,1.0,1.0,0.0,0.0,0.0
0.646289279361056,0.7300543699969595,1.0,1.0,1.0,0.17510853835021709,0.7435897435897436,Y,1.0,0.0,1.0,0.0,0.0,0.0,0.0,0.0,1.0
0.5337393286974639,0.6823473164580706,1.0,1.0,1.0,0.17510853835021709,0.7435897435897436,Y,1.0,0.0,0.0,1.0,0.0,1.0,0.0,0.0,0.0
0.4797645378391857,0.5727015562616928,1.0,1.0,1.0,0.08972503617945007,1.0,N,0.0,0.0,0.0,0.0,1.0,1.0,0.0,0.0,0.0
0.5693096272016596,0.6823473164580706,1.0,1.0,1.0,0.17510853835021709,0.7435897435897436,Y,1.0,0.0,0.0,0.0,1.0,0.0,0.0,1.0,0.0
0.4928806654470272,0.6419404247527936,1.0,1.0,1.0,0.17221418234442837,0.7435897435897436,Y,1.0,1.0,0.0,1.0,0.0,1.0,0.0,0.0,0.0
0.5847503814474109,0.7089325212275047,1.0,1.0,1.0,0.4153400868306802,0.7435897435897436,Y,0.0,0.0,0.0,1.0,0.0,1.0,0.0,0.0,0.0
0.5863210547779028,0.6483581830338082,1.0,1.0,0.0,0.21273516642547033,0.7435897435897436,Y,0.0,1.0,0.0,0.0,1.0,1.0,0.0,0.0,0.0
0.6145696019751771,0.6571971962145389,1.0,1.0,1.0,0.17221418234442837,0.7435897435897436,Y,0.0,1.0,0.0,0.0,1.0,1.0,0.0,0.0,0.0
0.5429102751993723,0.6823473164580706,1.0,1.0,1.0,0.1316931982633864,0.7435897435897436,N,1.0,0.0,0.0,0.0,1.0,0.0,0.0,1.0,0.0
0.5080598818944984,0.6598825586134006,1.0,1.0,1.0,0.15050651230101303,0.358974358974359,Y,0.0,1.0,0.0,0.0,1.0,0.0,1.0,0.0,0.0
0.43706612358871866,0.585142135377908,1.0,0.0,1.0,0.17800289435600578,0.7435897435897436,Y,0.0,0.0,0.0,1.0,0.0,1.0,0.0,0.0,0.0
0.47667918719831576,0.6707867679459193,0.0,0.0,1.0,0.18929088277858178,0.7435897435897436,N,1.0,0.0,0.0,0.0,1.0,1.0,0.0,0.0,0.0
0.4361829167020531,0.6376433782451276,1.0,1.0,1.0,0.1837916063675832,0.7435897435897436,Y,1.0,0.0,0.0,0.0,1.0,1.0,0.0,0.0,0.0
0.5721440542831214,0.6823473164580706,1.0,1.0,1.0,0.1678726483357453,0.7435897435897436,Y,1.0,0.0,1.0,0.0,0.0,1.0,0.0,0.0,0.0
0.6536890833809134,0.6571971962145389,1.0,1.0,1.0,0.25470332850940663,0.7435897435897436,Y,0.0,0.0,1.0,0.0,0.0,0.0,0.0,0.0,1.0
0.6594273472130082,0.6823473164580706,1.0,1.0,1.0,0.3849493487698987,0.7435897435897436,Y,1.0,0.0,1.0,0.0,0.0,0.0,0.0,0.0,1.0
0.45236274701407553,0.6206565604272388,1.0,1.0,1.0,0.16063675832127353,0.7435897435897436,Y,1.0,0.0,0.0,0.0,1.0,1.0,0.0,0.0,0.0
0.41114719853466236,0.5871153299161449,1.0,0.0,1.0,0.15050651230101303,0.358974358974359,Y,1.0,0.0,0.0,1.0,0.0,0.0,0.0,1.0,0.0
0.48136196697499695,0.5681477955588748,1.0,1.0,1.0,0.15050651230101303,0.7435897435897436,Y,1.0,0.0,0.0,0.0,1.0,0.0,0.0,1.0,0.0
0.49013895937145974,0.4329705007151721,1.0,1.0,1.0,0.18234442836468887,0.7435897435897436,Y,1.0,0.0,0.0,1.0,0.0,0.0,0.0,1.0,0.0
0.4854116856915544,0.6483581830338082,0.0,1.0,0.0,0.08972503617945007,0.7435897435897436,N,0.0,1.0,0.0,0.0,1.0,1.0,0.0,0.0,0.0
0.4778890840899827,0.5734013160909831,1.0,1.0,1.0,0.12445730824891461,0.7435897435897436,Y,1.0,0.0,0.0,0.0,1.0,1.0,0.0,0.0,0.0
0.5179326738377958,0.5902865717357472,1.0,0.0,1.0,0.1447178002894356,0.7435897435897436,Y,0.0,0.0,1.0,0.0,0.0,1.0,0.0,0.0,0.0
0.36597946266162973,0.6001322054544653,0.0,1.0,0.0,0.13603473227206947,0.7435897435897436,N,0.0,1.0,0.0,1.0,0.0,1.0,0.0,0.0,0.0
0.4701578160798276,0.6327362063275457,0.0,0.0,1.0,0.05209840810419682,0.358974358974359,N,1.0,0.0,0.0,0.0,1.0,0.0,0.0,1.0,0.0
0.4626091461334691,0.6406099015945312,1.0,0.0,1.0,0.08104196816208394,0.6153846153846154,N,0.0,0.0,1.0,0.0,0.0,1.0,0.0,0.0,0.0
0.44717154883837823,0.9065878271242382,1.0,1.0,1.0,0.13603473227206947,0.7435897435897436,Y,0.0,0.0,0.0,1.0,0.0,1.0,0.0,0.0,0.0
0.4087364921433156,0.6483581830338082,1.0,0.0,0.0,0.06367583212735166,0.7435897435897436,Y,0.0,1.0,0.0,1.0,0.0,1.0,0.0,0.0,0.0
0.6205328347667308,0.6483581830338082,1.0,1.0,0.0,0.26772793053545585,0.7435897435897436,N,0.0,1.0,1.0,0.0,0.0,1.0,0.0,0.0,0.0
0.542247503612152,0.6483581830338082,1.0,1.0,0.0,0.15340086830680175,0.7435897435897436,Y,0.0,1.0,0.0,1.0,0.0,1.0,0.0,0.0,0.0
0.4244511421879686,0.6367450708114276,1.0,0.0,1.0,0.15340086830680175,0.7435897435897436,Y,1.0,0.0,0.0,0.0,1.0,1.0,0.0,0.0,0.0
0.42778979079036883,0.6483581830338082,1.0,0.0,0.0,0.0824891461649783,0.7435897435897436,Y,0.0,1.0,1.0,0.0,0.0,1.0,0.0,0.0,0.0
0.637897384684893,0.6800462670481532,0.0,1.0,1.0,0.20694645441389292,0.6153846153846154,N,1.0,0.0,0.0,1.0,0.0,0.0,1.0,0.0,0.0
1.0,0.6823473164580706,0.0,1.0,1.0,0.507959479015919,0.7435897435897436,N,1.0,0.0,1.0,0.0,0.0,0.0,0.0,0.0,1.0
0.5165005621696418,0.6483581830338082,1.0,0.0,0.0,0.07670043415340087,0.7435897435897436,N,0.0,1.0,0.0,1.0,0.0,0.0,1.0,0.0,0.0
0.5929619313363838,0.6823473164580706,0.0,1.0,1.0,0.21852387843704776,0.7435897435897436,Y,1.0,1.0,0.0,0.0,1.0,1.0,0.0,0.0,0.0
0.5888440103084216,0.6823473164580706,0.0,0.0,1.0,0.3024602026049204,0.7435897435897436,N,1.0,0.0,1.0,0.0,0.0,1.0,0.0,0.0,0.0
0.4306370296879854,0.6156240741045236,1.0,0.0,1.0,0.14616497829232997,0.7435897435897436,Y,1.0,0.0,1.0,0.0,0.0,1.0,0.0,0.0,0.0
0.423125383111206,0.6748210358420933,0.0,0.0,0.0,0.24457308248914617,0.7435897435897436,N,1.0,1.0,0.0,1.0,0.0,1.0,0.0,0.0,0.0
0.4758851329516635,0.6483581830338082,1.0,1.0,0.0,0.07380607814761216,0.7435897435897436,Y,0.0,1.0,0.0,0.0,1.0,1.0,0.0,0.0,0.0
0.4534054012022791,0.6483581830338082,1.0,1.0,0.0,0.21852387843704776,0.7435897435897436,N,0.0,1.0,0.0,0.0,1.0,0.0,1.0,0.0,0.0
0.37623739986393817,0.9065878271242382,1.0,1.0,1.0,0.33285094066570187,0.7435897435897436,N,1.0,1.0,0.0,0.0,1.0,0.0,0.0,1.0,0.0
0.3054583927867585,0.6551304090748463,1.0,1.0,1.0,0.14905933429811866,0.7435897435897436,Y,1.0,0.0,1.0,0.0,0.0,1.0,0.0,0.0,0.0
0.48867673322495186,0.5696838912187084,1.0,1.0,1.0,0.18668596237337193,0.7435897435897436,Y,1.0,0.0,0.0,1.0,0.0,1.0,0.0,0.0,0.0
0.5817253792757703,0.6823473164580706,1.0,1.0,1.0,0.18668596237337193,0.7435897435897436,Y,1.0,0.0,1.0,0.0,0.0,1.0,0.0,0.0,0.0
0.460576972280911,0.6483581830338082,0.0,0.0,0.0,0.10274963820549927,0.7435897435897436,N,0.0,1.0,0.0,0.0,1.0,1.0,0.0,0.0,0.0
0.3967144651214636,0.5942722625442626,1.0,1.0,1.0,0.1316931982633864,0.7435897435897436,Y,1.0,0.0,0.0,0.0,1.0,1.0,0.0,0.0,0.0
0.6163997196452516,0.5903629404739092,0.0,1.0,1.0,0.14616497829232997,0.7435897435897436,N,1.0,0.0,0.0,0.0,1.0,0.0,1.0,0.0,0.0
0.7306822689726581,0.6823473164580706,1.0,1.0,1.0,0.12590448625180897,0.7435897435897436,Y,1.0,0.0,0.0,1.0,0.0,1.0,0.0,0.0,0.0
0.45738974535761334,0.7109612228531934,1.0,1.0,1.0,0.16208393632416787,0.7435897435897436,Y,1.0,0.0,1.0,0.0,0.0,1.0,0.0,0.0,0.0
0.5442966150928732,0.6483581830338082,1.0,0.0,0.0,0.10419681620839363,0.7435897435897436,N,0.0,1.0,1.0,0.0,0.0,0.0,1.0,0.0,0.0
0.5845897790142882,0.6823473164580706,1.0,1.0,1.0,0.17945007235890015,0.7435897435897436,Y,1.0,0.0,0.0,1.0,0.0,0.0,0.0,1.0,0.0
0.4718542441980509,0.0,1.0,1.0,1.0,0.11287988422575977,0.7435897435897436,Y,1.0,0.0,1.0,0.0,0.0,1.0,0.0,0.0,0.0
0.4604015709081825,0.6598825586134006,1.0,0.0,1.0,0.07380607814761216,0.358974358974359,Y,0.0,0.0,0.0,0.0,1.0,1.0,0.0,0.0,0.0
0.6439838630362661,0.6483581830338082,1.0,1.0,0.0,0.2040520984081042,0.7435897435897436,Y,0.0,1.0,0.0,1.0,0.0,0.0,1.0,0.0,0.0
0.5990432717476356,0.6571971962145389,0.0,1.0,1.0,0.1389290882778582,0.7435897435897436,N,0.0,0.0,1.0,0.0,0.0,1.0,0.0,0.0,0.0
0.7076907206387334,0.6571971962145389,1.0,1.0,1.0,0.573082489146165,0.7435897435897436,Y,0.0,1.0,0.0,1.0,0.0,1.0,0.0,0.0,0.0
0.44233027525319335,0.6335229114082982,1.0,1.0,1.0,0.1939218523878437,0.7435897435897436,Y,1.0,0.0,0.0,1.0,0.0,1.0,0.0,0.0,0.0
0.5116173332069863,0.6571971962145389,1.0,1.0,1.0,0.1316931982633864,0.7435897435897436,Y,0.0,0.0,0.0,0.0,1.0,1.0,0.0,0.0,0.0
0.6682584223593567,0.6640114012274124,1.0,1.0,0.0,0.16685962373371924,0.48717948717948717,Y,1.0,1.0,0.0,1.0,0.0,1.0,0.0,0.0,0.0
0.4057120317112196,0.6036880069517907,1.0,1.0,1.0,0.059334298118668596,0.7435897435897436,Y,0.0,0.0,0.0,1.0,0.0,1.0,0.0,0.0,0.0
0.42778979079036883,0.5403155493514268,1.0,1.0,1.0,0.18929088277858178,0.7435897435897436,Y,1.0,0.0,0.0,0.0,1.0,1.0,0.0,0.0,0.0
0.6739913328918428,0.6571971962145389,0.0,1.0,1.0,0.2575976845151954,0.7435897435897436,N,0.0,1.0,0.0,0.0,1.0,1.0,0.0,0.0,0.0
0.6140142066895155,0.6412769019030378,1.0,0.0,0.0,0.18668596237337193,0.7435897435897436,Y,1.0,1.0,1.0,0.0,0.0,1.0,0.0,0.0,0.0
0.50775618314566,0.7317749246081945,1.0,1.0,1.0,0.2575976845151954,0.7435897435897436,Y,0.0,0.0,0.0,1.0,0.0,1.0,0.0,0.0,0.0
0.6300668769102594,0.6024443309475523,1.0,1.0,1.0,0.24746743849493488,0.7435897435897436,Y,1.0,0.0,1.0,0.0,0.0,1.0,0.0,0.0,0.0
0.5477442384979997,0.6130950589779821,1.0,0.0,1.0,0.2011577424023155,0.7435897435897436,Y,0.0,0.0,0.0,1.0,0.0,0.0,0.0,0.0,1.0
0.8785223222633236,0.6571971962145389,1.0,1.0,1.0,0.20694645441389292,0.7435897435897436,Y,0.0,0.0,0.0,1.0,0.0,0.0,1.0,0.0,0.0
0.6182090044186648,0.7951631447459295,1.0,1.0,1.0,0.2402315484804631,0.6153846153846154,Y,1.0,0.0,1.0,0.0,0.0,1.0,0.0,0.0,0.0
0.499099844017567,0.5495854461930963,1.0,1.0,1.0,0.17510853835021709,0.7435897435897436,Y,1.0,1.0,1.0,0.0,0.0,0.0,1.0,0.0,0.0
0.5458760991671152,0.6823473164580706,1.0,0.0,1.0,0.14616497829232997,0.7435897435897436,Y,1.0,0.0,1.0,0.0,0.0,0.0,0.0,1.0,0.0
0.5024126916725123,0.5659471326878263,1.0,1.0,1.0,0.06657018813314038,0.7435897435897436,N,1.0,1.0,1.0,0.0,0.0,1.0,0.0,0.0,0.0
0.4932141287876452,0.5936041849034414,0.0,1.0,1.0,0.2040520984081042,0.7435897435897436,N,1.0,0.0,1.0,0.0,0.0,0.0,0.0,1.0,0.0
0.4634147959596908,0.5804429555477653,0.0,0.0,1.0,0.2619392185238784,0.7435897435897436,N,0.0,1.0,0.0,1.0,0.0,0.0,1.0,0.0,0.0
0.4345393739804261,0.5542326825145815,0.0,0.0,1.0,0.1678726483357453,0.7435897435897436,N,1.0,0.0,1.0,0.0,0.0,0.0,0.0,1.0,0.0
0.408331128850084,0.573139356825265,0.0,0.0,1.0,0.07380607814761216,0.6153846153846154,Y,1.0,0.0,0.0,0.0,1.0,0.0,0.0,1.0,0.0
0.5197954649969404,0.5953045735208079,0.0,1.0,1.0,0.20260492040520983,0.7435897435897436,N,1.0,0.0,1.0,0.0,0.0,1.0,0.0,0.0,0.0
0.44608704587945425,0.6401976955715831,0.0,1.0,1.0,0.11722141823444283,0.358974358974359,Y,1.0,0.0,1.0,0.0,0.0,1.0,0.0,0.0,0.0
0.6127406013532518,0.6571971962145389,1.0,1.0,1.0,0.1085383502170767,0.7435897435897436,Y,0.0,1.0,0.0,1.0,0.0,1.0,0.0,0.0,0.0
0.5161714026191797,0.6823473164580706,1.0,1.0,1.0,0.12590448625180897,0.7435897435897436,Y,1.0,0.0,0.0,1.0,0.0,0.0,0.0,1.0,0.0
0.5334070824377963,0.6823473164580706,1.0,1.0,1.0,0.1577424023154848,0.7435897435897436,Y,1.0,0.0,0.0,0.0,1.0,1.0,0.0,0.0,0.0
0.5098271292008197,0.6454054351388,1.0,1.0,1.0,0.23733719247467439,0.7435897435897436,N,1.0,0.0,0.0,0.0,1.0,1.0,0.0,0.0,0.0
0.5353537206673201,0.6571971962145389,1.0,1.0,1.0,0.1837916063675832,0.7435897435897436,Y,0.0,0.0,1.0,0.0,0.0,0.0,0.0,1.0,0.0
0.6385471459935633,0.6823473164580706,1.0,1.0,1.0,0.21852387843704776,0.7435897435897436,N,1.0,0.0,0.0,1.0,0.0,1.0,0.0,0.0,0.0
0.4181674060645247,0.7043708768854838,0.0,1.0,1.0,0.21852387843704776,0.7435897435897436,Y,1.0,1.0,0.0,1.0,0.0,1.0,0.0,0.0,0.0
0.6267946175291272,0.6327362063275457,1.0,1.0,1.0,0.17221418234442837,0.358974358974359,Y,1.0,0.0,0.0,0.0,1.0,0.0,0.0,0.0,1.0
0.47694299283750496,0.6249751715521772,1.0,1.0,1.0,0.20839363241678727,0.7435897435897436,Y,1.0,0.0,1.0,0.0,0.0,1.0,0.0,0.0,0.0
0.5633008655102808,0.6483581830338082,1.0,0.0,0.0,0.17800289435600578,0.7435897435897436,Y,0.0,1.0,0.0,1.0,0.0,0.0,1.0,0.0,0.0
0.5283382021226612,0.6571971962145389,0.0,1.0,1.0,0.1287988422575977,0.7435897435897436,N,0.0,0.0,0.0,1.0,0.0,1.0,0.0,0.0,0.0
0.5863210547779028,0.6571971962145389,1.0,1.0,1.0,0.18958031837916064,0.7435897435897436,Y,0.0,0.0,1.0,0.0,0.0,1.0,0.0,0.0,0.0
0.47331716819542,0.5901336966442982,0.0,0.0,1.0,0.08827785817655572,0.358974358974359,N,1.0,0.0,0.0,0.0,1.0,0.0,0.0,0.0,1.0
0.748946636855362,0.6823473164580706,1.0,1.0,1.0,0.14616497829232997,0.7435897435897436,Y,1.0,0.0,0.0,1.0,0.0,1.0,0.0,0.0,0.0
0.053479859977321006,0.6615734944308822,1.0,0.0,0.0,0.1287988422575977,0.7435897435897436,Y,1.0,1.0,0.0,1.0,0.0,0.0,0.0,1.0,0.0
0.5345852605348257,0.6394211922577643,1.0,1.0,1.0,0.14616497829232997,0.7435897435897436,N,1.0,0.0,0.0,0.0,1.0,1.0,0.0,0.0,0.0
0.49836442171710243,0.6184716398406225,1.0,1.0,1.0,0.22141823444283648,0.7435897435897436,Y,1.0,1.0,0.0,1.0,0.0,0.0,1.0,0.0,0.0
0.4566128093512712,0.5769284147083887,0.0,0.0,1.0,0.15050651230101303,0.358974358974359,N,1.0,0.0,1.0,0.0,0.0,0.0,1.0,0.0,0.0
0.547203040746349,0.6823473164580706,1.0,1.0,1.0,0.1316931982633864,0.7435897435897436,Y,1.0,0.0,0.0,1.0,0.0,0.0,0.0,0.0,1.0
0.44717154883837823,0.6483581830338082,1.0,1.0,0.0,0.12156295224312591,0.7435897435897436,Y,0.0,1.0,0.0,0.0,1.0,1.0,0.0,0.0,0.0
0.5734132962165396,0.7208655115292283,1.0,1.0,1.0,0.22141823444283648,0.7435897435897436,Y,0.0,0.0,1.0,0.0,0.0,0.0,0.0,1.0,0.0
0.7473484382552175,0.5270948811381302,1.0,1.0,1.0,0.2040520984081042,0.7435897435897436,Y,1.0,1.0,1.0,0.0,0.0,0.0,0.0,1.0,0.0
0.6038600907037818,0.5965469402463177,1.0,1.0,1.0,0.31982633863965265,0.6153846153846154,Y,1.0,0.0,0.0,1.0,0.0,0.0,0.0,1.0,0.0
0.4692751044122363,0.6051237667208553,0.0,1.0,1.0,0.17800289435600578,0.7435897435897436,N,1.0,0.0,0.0,1.0,0.0,0.0,0.0,1.0,0.0
0.7487084059568344,0.6285313501419083,1.0,1.0,1.0,0.11143270622286541,0.7435897435897436,Y,1.0,1.0,0.0,1.0,0.0,0.0,1.0,0.0,0.0
0.47331716819542,0.5853805403773668,1.0,1.0,1.0,0.21114327062228655,0.7435897435897436,N,1.0,0.0,0.0,0.0,1.0,0.0,0.0,1.0,0.0
0.5352076334685031,0.6483581830338082,1.0,0.0,0.0,0.2098408104196816,0.7435897435897436,Y,0.0,1.0,1.0,0.0,0.0,1.0,0.0,0.0,0.0
0.4811054005575048,0.6823473164580706,1.0,0.0,1.0,0.15050651230101303,0.7435897435897436,Y,1.0,0.0,1.0,0.0,0.0,0.0,0.0,0.0,1.0
0.4181674060645247,0.6713536664259138,1.0,1.0,1.0,0.17221418234442837,0.7435897435897436,Y,1.0,0.0,0.0,1.0,0.0,1.0,0.0,0.0,0.0
0.6802304672995706,0.6823473164580706,1.0,1.0,1.0,0.3256150506512301,0.7435897435897436,Y,1.0,0.0,0.0,1.0,0.0,1.0,0.0,0.0,0.0
0.6385280732316607,0.6823473164580706,1.0,1.0,1.0,0.3429811866859624,0.7435897435897436,Y,1.0,0.0,0.0,1.0,0.0,0.0,0.0,1.0,0.0
0.408331128850084,0.6386399221657019,1.0,0.0,1.0,0.17655571635311143,0.7435897435897436,Y,1.0,0.0,1.0,0.0,0.0,0.0,1.0,0.0,0.0
0.5027715805884683,0.6571971962145389,0.0,1.0,1.0,0.10274963820549927,0.7435897435897436,N,0.0,0.0,1.0,0.0,0.0,0.0,0.0,1.0,0.0
0.7638512099072551,0.6823473164580706,1.0,1.0,1.0,0.7105643994211288,0.7435897435897436,N,1.0,0.0,0.0,0.0,1.0,0.0,1.0,0.0,0.0
0.543500947786282,0.6187162694177739,1.0,1.0,1.0,0.21852387843704776,0.7435897435897436,Y,1.0,1.0,0.0,1.0,0.0,0.0,0.0,1.0,0.0
0.44298436202452546,0.6571971962145389,1.0,1.0,1.0,0.0955137481910275,0.7435897435897436,N,0.0,0.0,0.0,0.0,1.0,1.0,0.0,0.0,0.0
0.4593450782811604,0.6556799680359816,0.0,0.0,1.0,0.12590448625180897,0.7435897435897436,Y,0.0,0.0,0.0,1.0,0.0,1.0,0.0,0.0,0.0
0.5675903478595548,0.5409925110450475,0.0,0.0,1.0,0.25615050651230103,0.7435897435897436,Y,1.0,0.0,0.0,0.0,1.0,0.0,1.0,0.0,0.0
0.5090967512054713,0.6571971962145389,1.0,0.0,1.0,0.14616497829232997,0.7435897435897436,Y,0.0,0.0,1.0,0.0,0.0,1.0,0.0,0.0,0.0
0.7542928262334011,0.6483581830338082,1.0,0.0,0.0,0.3125904486251809,0.7435897435897436,Y,0.0,1.0,0.0,1.0,0.0,1.0,0.0,0.0,0.0
0.5049964609977114,0.6231591115322785,0.0,1.0,1.0,0.15918958031837915,0.7435897435897436,N,1.0,0.0,1.0,0.0,0.0,1.0,0.0,0.0,0.0
0.4925465010266366,0.513741577123373,1.0,1.0,0.0,0.1389290882778582,0.15384615384615385,Y,1.0,1.0,0.0,1.0,0.0,0.0,1.0,0.0,0.0
0.4534054012022791,0.5928577399582176,1.0,0.0,1.0,0.14182344428364688,0.7435897435897436,Y,1.0,0.0,1.0,0.0,0.0,1.0,0.0,0.0,0.0
0.5449509144376923,0.6589284009878195,1.0,1.0,1.0,0.1476121562952243,0.0,Y,1.0,0.0,0.0,0.0,1.0,1.0,0.0,0.0,0.0
0.47048757317139567,0.6823473164580706,1.0,1.0,1.0,0.12445730824891461,0.7435897435897436,Y,1.0,1.0,0.0,1.0,0.0,0.0,1.0,0.0,0.0
0.593646429922074,0.7143490194440237,0.0,1.0,1.0,0.2894356005788712,0.7435897435897436,N,0.0,0.0,1.0,0.0,0.0,1.0,0.0,0.0,0.0
0.23183644498610956,0.6912489379241086,1.0,1.0,0.0,0.15050651230101303,1.0,Y,0.0,1.0,1.0,0.0,0.0,1.0,0.0,0.0,0.0
0.48435858195460624,0.6483581830338082,1.0,1.0,0.0,0.1316931982633864,0.7435897435897436,Y,0.0,1.0,0.0,1.0,0.0,1.0,0.0,0.0,0.0
0.5529918885653532,0.7451236680976236,1.0,1.0,1.0,0.28798842257597684,0.7435897435897436,Y,1.0,0.0,0.0,1.0,0.0,0.0,0.0,1.0,0.0
0.5238497412802339,0.7376200387686775,0.0,0.0,1.0,0.18668596237337193,0.7435897435897436,N,1.0,0.0,1.0,0.0,0.0,0.0,1.0,0.0,0.0
0.514307070348951,0.5754778026434203,1.0,0.0,1.0,0.16642547033285093,0.6153846153846154,Y,1.0,0.0,0.0,1.0,0.0,1.0,0.0,0.0,0.0
0.5011048837627469,0.7143490194440237,1.0,1.0,1.0,0.3386396526772793,0.7435897435897436,Y,1.0,0.0,1.0,0.0,0.0,0.0,0.0,1.0,0.0
0.784169758512497,0.7667754541660734,1.0,1.0,1.0,0.6816208393632417,0.7435897435897436,Y,1.0,0.0,0.0,0.0,1.0,1.0,0.0,0.0,0.0
0.5043766273275783,0.6571971962145389,1.0,1.0,1.0,0.12590448625180897,0.7435897435897436,N,0.0,0.0,0.0,0.0,1.0,1.0,0.0,0.0,0.0
0.4458307896996026,0.665694520855952,1.0,1.0,1.0,0.2590448625180897,0.7435897435897436,Y,1.0,1.0,0.0,0.0,1.0,1.0,0.0,0.0,0.0
0.7123855255204593,0.6483581830338082,1.0,1.0,0.0,0.04486251808972504,0.7435897435897436,Y,0.0,1.0,0.0,0.0,1.0,0.0,1.0,0.0,0.0
0.5050406424743333,0.5574370940769303,1.0,0.0,1.0,0.1316931982633864,0.7435897435897436,N,0.0,0.0,1.0,0.0,0.0,1.0,0.0,0.0,0.0
0.5880336757360372,0.6137955628638855,1.0,1.0,1.0,0.34876989869753977,0.7435897435897436,Y,1.0,0.0,0.0,1.0,0.0,0.0,1.0,0.0,0.0
0.49047821854215096,0.6157492152142409,1.0,1.0,1.0,0.2011577424023155,0.7435897435897436,Y,1.0,0.0,0.0,0.0,1.0,0.0,0.0,1.0,0.0
0.4217138691085699,0.7667563634140196,1.0,1.0,1.0,0.08827785817655572,0.358974358974359,N,1.0,0.0,0.0,1.0,0.0,1.0,0.0,0.0,0.0
0.5813431736543354,0.690660131738034,1.0,1.0,1.0,0.4370477568740955,0.7435897435897436,N,0.0,0.0,1.0,0.0,0.0,1.0,0.0,0.0,0.0
0.499099844017567,0.6821173421337009,1.0,1.0,1.0,0.2040520984081042,0.7435897435897436,Y,1.0,0.0,1.0,0.0,0.0,0.0,0.0,0.0,1.0
0.41414919071636414,0.5876623860168513,1.0,1.0,0.0,0.15050651230101303,1.0,Y,1.0,1.0,0.0,1.0,0.0,0.0,0.0,1.0,0.0
0.4800232760716831,0.6001322054544653,0.0,0.0,1.0,0.1649782923299566,0.7435897435897436,N,1.0,0.0,0.0,1.0,0.0,1.0,0.0,0.0,0.0
0.5469317492597491,0.6080140654448692,1.0,1.0,1.0,0.25470332850940663,0.7435897435897436,N,0.0,0.0,0.0,1.0,0.0,1.0,0.0,0.0,0.0
0.496044046768131,0.6483581830338082,1.0,0.0,0.0,0.12445730824891461,0.7435897435897436,N,0.0,1.0,1.0,0.0,0.0,1.0,0.0,0.0,0.0
0.42627431956663314,0.5959638075041253,1.0,0.0,1.0,0.05209840810419682,0.7435897435897436,Y,1.0,0.0,0.0,1.0,0.0,0.0,0.0,1.0,0.0
0.44717154883837823,0.6571971962145389,1.0,1.0,1.0,0.06657018813314038,0.7435897435897436,Y,0.0,0.0,0.0,1.0,0.0,1.0,0.0,0.0,0.0
0.5775257059846207,0.5703110515785266,1.0,1.0,1.0,0.1316931982633864,0.7435897435897436,Y,1.0,1.0,1.0,0.0,0.0,0.0,0.0,0.0,1.0
0.6310095655809891,0.7759613934168392,1.0,1.0,1.0,0.6816208393632417,0.7435897435897436,Y,1.0,1.0,1.0,0.0,0.0,0.0,0.0,1.0,0.0
0.5468298954522751,0.6189604296812998,1.0,1.0,1.0,0.15904486251808975,0.7435897435897436,N,0.0,0.0,0.0,1.0,0.0,1.0,0.0,0.0,0.0
0.7564600754191926,0.6823473164580706,1.0,1.0,1.0,0.5658465991316932,0.7435897435897436,Y,1.0,1.0,1.0,0.0,0.0,0.0,0.0,1.0,0.0
0.5126734358375511,0.6823473164580706,1.0,1.0,1.0,0.14616497829232997,0.7435897435897436,Y,1.0,0.0,0.0,1.0,0.0,1.0,0.0,0.0,0.0
0.5661532958148723,0.5708461686878156,0.0,0.0,1.0,0.2199710564399421,0.7435897435897436,Y,1.0,0.0,0.0,1.0,0.0,0.0,1.0,0.0,0.0
0.4581629020531935,0.5589118324591282,1.0,0.0,1.0,0.12301013024602026,0.7435897435897436,Y,0.0,0.0,0.0,1.0,0.0,0.0,1.0,0.0,0.0
0.6058169881476343,0.6571971962145389,1.0,0.0,1.0,0.17510853835021709,0.7435897435897436,Y,0.0,0.0,0.0,1.0,0.0,1.0,0.0,0.0,0.0
0.3054583927867585,0.7422862090023887,1.0,1.0,1.0,0.2995658465991317,0.7435897435897436,Y,1.0,0.0,1.0,0.0,0.0,1.0,0.0,0.0,0.0
0.5326662614223386,0.6823473164580706,1.0,1.0,1.0,0.1316931982633864,0.7435897435897436,Y,1.0,0.0,0.0,0.0,1.0,0.0,0.0,0.0,1.0
0.5045982740810032,0.6571971962145389,0.0,1.0,1.0,0.14616497829232997,0.7435897435897436,N,0.0,0.0,1.0,0.0,0.0,0.0,0.0,1.0,0.0
0.6862339136337309,0.6571971962145389,0.0,1.0,1.0,0.2706222865412446,0.7435897435897436,N,0.0,0.0,0.0,1.0,0.0,0.0,1.0,0.0,0.0
0.7623879741542153,0.6483581830338082,1.0,0.0,0.0,0.1678726483357453,0.7435897435897436,Y,0.0,1.0,0.0,0.0,1.0,1.0,0.0,0.0,0.0
0.45031903507860255,0.616186242618564,1.0,0.0,1.0,0.16931982633863965,0.7435897435897436,Y,0.0,1.0,1.0,0.0,0.0,1.0,0.0,0.0,0.0
0.5898058066624431,0.6987305686831293,1.0,1.0,1.0,0.4558610709117221,0.7435897435897436,Y,1.0,0.0,0.0,0.0,1.0,1.0,0.0,0.0,0.0
0.5058777655075214,0.6571971962145389,1.0,1.0,1.0,0.14182344428364688,0.7435897435897436,Y,0.0,0.0,0.0,1.0,0.0,0.0,0.0,1.0,0.0
0.4716908627948103,0.445958156072368,1.0,0.0,1.0,0.0824891461649783,0.7435897435897436,N,1.0,0.0,1.0,0.0,0.0,1.0,0.0,0.0,0.0
0.5970006242223292,0.6327362063275457,1.0,1.0,1.0,0.2141823444283647,0.358974358974359,Y,1.0,0.0,1.0,0.0,0.0,0.0,0.0,0.0,1.0
0.5443656156848508,0.6583927207932742,1.0,1.0,0.0,0.18958031837916064,0.358974358974359,Y,1.0,1.0,0.0,1.0,0.0,0.0,1.0,0.0,0.0
0.4223097193326339,0.6483581830338082,0.0,1.0,0.0,0.13024602026049203,0.7435897435897436,N,0.0,1.0,0.0,1.0,0.0,1.0,0.0,0.0,0.0
0.5074083868118656,0.6483581830338082,1.0,1.0,0.0,0.12445730824891461,0.7435897435897436,Y,0.0,1.0,0.0,1.0,0.0,0.0,1.0,0.0,0.0
0.429646287363579,0.6431563750691727,1.0,0.0,1.0,0.17221418234442837,0.7435897435897436,Y,1.0,0.0,0.0,0.0,1.0,0.0,1.0,0.0,0.0
0.47704839261664844,0.4730206350771639,1.0,0.0,0.0,0.1345875542691751,0.7435897435897436,Y,1.0,1.0,0.0,1.0,0.0,1.0,0.0,0.0,0.0
0.4633573847757096,0.6103191206622216,1.0,1.0,1.0,0.21128798842257598,0.7435897435897436,Y,1.0,0.0,1.0,0.0,0.0,1.0,0.0,0.0,0.0
0.494068407195387,0.6412543518630589,1.0,0.0,1.0,0.10274963820549927,0.05128205128205128,N,0.0,0.0,0.0,1.0,0.0,1.0,0.0,0.0,0.0
0.44881601809948707,0.5989245131816086,1.0,1.0,1.0,0.19681620839363242,0.7435897435897436,Y,0.0,0.0,1.0,0.0,0.0,1.0,0.0,0.0,0.0
0.5573423448965149,0.6483581830338082,0.0,1.0,0.0,0.13603473227206947,0.7435897435897436,N,0.0,1.0,0.0,1.0,0.0,1.0,0.0,0.0,0.0
0.4643305657879514,0.6145553770510281,1.0,1.0,1.0,0.14616497829232997,0.7435897435897436,Y,1.0,0.0,1.0,0.0,0.0,1.0,0.0,0.0,0.0
0.6022626615679706,0.6823473164580706,0.0,1.0,1.0,0.196671490593343,0.7435897435897436,N,1.0,1.0,1.0,0.0,0.0,0.0,0.0,1.0,0.0
0.4466621161550758,0.6354124042017696,1.0,0.0,1.0,0.1725036179450072,0.7435897435897436,Y,1.0,0.0,1.0,0.0,0.0,0.0,1.0,0.0,0.0
0.4928806654470272,0.6753311307066264,1.0,1.0,1.0,0.21562952243125905,0.7435897435897436,Y,1.0,0.0,0.0,0.0,1.0,0.0,1.0,0.0,0.0
0.44421975967839467,0.6331416230904511,0.0,0.0,1.0,0.24891461649782923,0.7435897435897436,N,1.0,0.0,0.0,0.0,1.0,1.0,0.0,0.0,0.0
0.5048196121771034,0.7099509142687555,0.0,1.0,1.0,0.17800289435600578,0.358974358974359,N,1.0,0.0,1.0,0.0,0.0,1.0,0.0,0.0,0.0
0.571563758417194,0.5293342673308641,1.0,1.0,1.0,0.024602026049204053,0.7435897435897436,Y,1.0,0.0,0.0,1.0,0.0,0.0,1.0,0.0,0.0
0.4574493526566896,0.5871153299161449,1.0,1.0,0.0,0.1085383502170767,0.7435897435897436,Y,0.0,1.0,0.0,0.0,1.0,1.0,0.0,0.0,0.0
0.6697072328687976,0.6823473164580706,1.0,1.0,1.0,0.36324167872648333,0.7435897435897436,Y,1.0,1.0,0.0,1.0,0.0,0.0,0.0,0.0,1.0
0.5173204910507363,0.6502654566667796,1.0,1.0,1.0,0.22141823444283648,0.7435897435897436,Y,1.0,0.0,0.0,1.0,0.0,1.0,0.0,0.0,0.0
0.528871440115198,0.6316601450751053,1.0,1.0,0.0,0.2503617945007236,0.7435897435897436,Y,1.0,1.0,0.0,1.0,0.0,1.0,0.0,0.0,0.0
0.5084062571034917,0.34475469992469054,1.0,0.0,1.0,0.14327062228654125,0.7435897435897436,Y,1.0,0.0,0.0,1.0,0.0,0.0,0.0,1.0,0.0
0.773529383986366,0.6412769019030378,1.0,1.0,0.0,0.8552821997105644,0.7435897435897436,Y,1.0,1.0,0.0,1.0,0.0,0.0,1.0,0.0,0.0
0.5842680864886386,0.6169319586094728,1.0,1.0,1.0,0.29232995658465993,0.7435897435897436,Y,1.0,0.0,1.0,0.0,0.0,1.0,0.0,0.0,0.0
0.5809326451580314,0.6571971962145389,1.0,0.0,1.0,0.17800289435600578,0.7435897435897436,Y,0.0,1.0,0.0,1.0,0.0,1.0,0.0,0.0,0.0
0.6471768764246865,0.6823473164580706,0.0,1.0,1.0,0.36034732272069464,0.7435897435897436,N,1.0,0.0,0.0,0.0,1.0,0.0,0.0,1.0,0.0
0.5394261673001526,0.6823473164580706,0.0,0.0,1.0,0.16063675832127353,0.7435897435897436,Y,1.0,0.0,1.0,0.0,0.0,1.0,0.0,0.0,0.0
0.4928806654470272,0.6571971962145389,1.0,1.0,1.0,0.08827785817655572,0.7435897435897436,Y,0.0,0.0,0.0,0.0,1.0,1.0,0.0,0.0,0.0
0.496044046768131,0.6419404247527936,0.0,1.0,1.0,0.1649782923299566,0.7435897435897436,N,1.0,0.0,1.0,0.0,0.0,0.0,0.0,0.0,1.0
0.43921948910641173,0.6483581830338082,1.0,1.0,0.0,0.0,0.7435897435897436,N,0.0,1.0,0.0,0.0,1.0,1.0,0.0,0.0,0.0
0.4847103923837336,0.6175500681213456,0.0,1.0,1.0,0.13748191027496381,0.7435897435897436,N,1.0,0.0,0.0,0.0,1.0,1.0,0.0,0.0,0.0
0.4968367808858695,0.5965469402463177,1.0,1.0,1.0,0.25615050651230103,0.7435897435897436,Y,1.0,0.0,0.0,0.0,1.0,0.0,1.0,0.0,0.0
0.5609876948519484,0.5727015562616928,0.0,1.0,1.0,0.22575976845151954,0.7435897435897436,N,1.0,0.0,0.0,0.0,1.0,1.0,0.0,0.0,0.0
0.7486988692897973,0.6823473164580706,1.0,1.0,1.0,0.3849493487698987,0.7435897435897436,Y,1.0,0.0,0.0,0.0,1.0,0.0,0.0,1.0,0.0
0.5895983432802403,0.5871153299161449,1.0,0.0,1.0,0.2575976845151954,1.0,N,1.0,0.0,0.0,1.0,0.0,0.0,0.0,1.0,0.0
0.5967279311082022,0.6823473164580706,1.0,1.0,1.0,0.2040520984081042,0.7435897435897436,N,1.0,0.0,0.0,1.0,0.0,0.0,0.0,0.0,1.0
0.48435858195460624,0.42677419668120664,1.0,1.0,1.0,0.14327062228654125,0.15384615384615385,Y,1.0,0.0,0.0,0.0,1.0,0.0,0.0,1.0,0.0
0.48069403090406415,0.6262484459120504,0.0,1.0,1.0,0.1837916063675832,0.7435897435897436,N,1.0,0.0,0.0,1.0,0.0,1.0,0.0,0.0,0.0
0.48784212786660874,0.6535603133473741,1.0,1.0,1.0,0.14616497829232997,0.7435897435897436,Y,0.0,0.0,0.0,0.0,1.0,1.0,0.0,0.0,0.0
0.39336074340720645,0.6275091077116809,1.0,1.0,1.0,0.14182344428364688,0.7435897435897436,Y,1.0,0.0,1.0,0.0,0.0,0.0,1.0,0.0,0.0
0.4855116183330886,0.6615734944308822,1.0,1.0,1.0,0.2199710564399421,0.7435897435897436,Y,0.0,1.0,0.0,0.0,1.0,1.0,0.0,0.0,0.0
0.600018384383519,0.6823473164580706,1.0,1.0,1.0,0.28364688856729375,0.7435897435897436,Y,1.0,0.0,0.0,1.0,0.0,0.0,0.0,1.0,0.0
0.3981056587832421,0.9735084804207258,1.0,1.0,1.0,0.11722141823444283,0.7435897435897436,N,0.0,0.0,0.0,0.0,1.0,1.0,0.0,0.0,0.0
0.4847103923837336,0.6412769019030378,1.0,1.0,0.0,0.03907380607814761,0.7435897435897436,Y,1.0,1.0,0.0,1.0,0.0,1.0,0.0,0.0,0.0
0.40186982065101134,0.6823473164580706,1.0,1.0,1.0,0.07525325615050651,0.7435897435897436,N,1.0,0.0,1.0,0.0,0.0,0.0,1.0,0.0,0.0
0.4644446669135434,0.6081469135762727,0.0,1.0,1.0,0.19826338639652677,0.7435897435897436,N,1.0,0.0,1.0,0.0,0.0,0.0,1.0,0.0,0.0
0.5327404990981973,0.6651442154988703,1.0,1.0,1.0,0.23589001447178004,0.15384615384615385,N,1.0,0.0,1.0,0.0,0.0,0.0,1.0,0.0,0.0
0.4337111852488367,0.5787814633037626,1.0,1.0,1.0,0.13748191027496381,0.7435897435897436,Y,1.0,0.0,0.0,0.0,1.0,1.0,0.0,0.0,0.0
0.42430438053292086,0.6483581830338082,1.0,0.0,0.0,0.08827785817655572,0.7435897435897436,Y,0.0,1.0,0.0,1.0,0.0,1.0,0.0,0.0,0.0
0.5491896419300889,0.6571971962145389,1.0,1.0,1.0,0.12301013024602026,0.7435897435897436,Y,0.0,0.0,0.0,1.0,0.0,1.0,0.0,0.0,0.0
0.460927195399748,0.6823473164580706,0.0,1.0,1.0,0.14037626628075253,0.7435897435897436,N,1.0,1.0,0.0,1.0,0.0,0.0,0.0,1.0,0.0
0.4761502587197662,0.6816710465331816,1.0,1.0,1.0,0.06801736613603473,0.358974358974359,Y,1.0,0.0,0.0,1.0,0.0,1.0,0.0,0.0,0.0
0.5863210547779028,0.6724398906440847,1.0,1.0,1.0,0.28364688856729375,0.48717948717948717,N,1.0,1.0,0.0,1.0,0.0,0.0,0.0,1.0,0.0
0.6569497401199693,0.6571971962145389,1.0,1.0,1.0,0.40955137481910275,0.7435897435897436,Y,0.0,1.0,0.0,1.0,0.0,0.0,0.0,0.0,1.0
0.5161714026191797,0.6772741989579838,1.0,1.0,1.0,0.19247467438494936,0.358974358974359,Y,1.0,0.0,1.0,0.0,0.0,1.0,0.0,0.0,0.0
0.743404485942391,0.6823473164580706,1.0,1.0,1.0,0.36324167872648333,0.7435897435897436,Y,1.0,1.0,0.0,0.0,1.0,1.0,0.0,0.0,0.0
0.5150969018059315,0.6571971962145389,1.0,0.0,1.0,0.14616497829232997,0.7435897435897436,Y,0.0,0.0,1.0,0.0,0.0,1.0,0.0,0.0,0.0
0.5961562382867038,0.5253254792748694,1.0,0.0,1.0,0.2575976845151954,0.7435897435897436,N,1.0,1.0,1.0,0.0,0.0,0.0,0.0,1.0,0.0
0.47546000969956065,0.6571971962145389,0.0,1.0,1.0,0.11432706222865413,0.7435897435897436,N,0.0,0.0,0.0,1.0,0.0,1.0,0.0,0.0,0.0
0.6669239617134952,0.6823473164580706,1.0,1.0,1.0,0.24746743849493488,0.7435897435897436,Y,1.0,1.0,1.0,0.0,0.0,1.0,0.0,0.0,0.0
0.5803836191851038,0.6823473164580706,1.0,1.0,1.0,0.26483357452966716,0.7435897435897436,Y,1.0,0.0,0.0,0.0,1.0,0.0,0.0,1.0,0.0
0.16212966011156596,1.0,1.0,1.0,0.0,0.4934876989869754,0.358974358974359,N,0.0,1.0,0.0,0.0,1.0,0.0,0.0,0.0,1.0
0.47043266114420457,0.6559994516135805,1.0,0.0,1.0,0.21128798842257598,0.7435897435897436,Y,1.0,1.0,1.0,0.0,0.0,1.0,0.0,0.0,0.0
0.5782519839423851,0.6823473164580706,1.0,1.0,1.0,0.17221418234442837,0.7435897435897436,Y,1.0,0.0,0.0,0.0,1.0,0.0,0.0,0.0,1.0
0.5084495009783669,0.7109908167373701,1.0,1.0,1.0,0.23589001447178004,0.7435897435897436,Y,0.0,0.0,1.0,0.0,0.0,1.0,0.0,0.0,0.0
0.6964918508360393,0.6412769019030378,1.0,1.0,0.0,0.7047756874095513,0.7435897435897436,Y,1.0,1.0,0.0,1.0,0.0,0.0,1.0,0.0,0.0
0.44068318423254627,0.6952290603048085,1.0,0.0,1.0,0.18929088277858178,0.358974358974359,N,1.0,0.0,0.0,0.0,1.0,1.0,0.0,0.0,0.0
0.496044046768131,0.6419404247527936,1.0,1.0,1.0,0.23733719247467439,0.7435897435897436,Y,1.0,0.0,0.0,1.0,0.0,0.0,1.0,0.0,0.0
0.5213578648704755,0.5691438543476077,1.0,0.0,1.0,0.2141823444283647,0.7435897435897436,Y,1.0,0.0,1.0,0.0,0.0,0.0,0.0,1.0,0.0
0.4879897299770063,0.6103191206622216,1.0,1.0,1.0,0.14327062228654125,0.7435897435897436,Y,1.0,0.0,1.0,0.0,0.0,1.0,0.0,0.0,0.0
0.47076184909989505,0.6483581830338082,1.0,1.0,0.0,0.08972503617945007,0.7435897435897436,Y,0.0,1.0,1.0,0.0,0.0,1.0,0.0,0.0,0.0
0.5260324141832385,0.6327362063275457,1.0,1.0,1.0,0.04486251808972504,0.358974358974359,Y,1.0,0.0,1.0,0.0,0.0,0.0,0.0,0.0,1.0
0.6334701533959429,0.3436985237525401,1.0,1.0,1.0,0.35311143270622286,0.7435897435897436,Y,1.0,0.0,0.0,0.0,1.0,0.0,1.0,0.0,0.0
0.6235374351906247,0.6823473164580706,1.0,1.0,1.0,0.2575976845151954,0.7435897435897436,Y,1.0,0.0,0.0,0.0,1.0,0.0,0.0,1.0,0.0
0.543500947786282,0.6483581830338082,0.0,1.0,0.0,0.17945007235890015,0.7435897435897436,N,0.0,1.0,0.0,1.0,0.0,1.0,0.0,0.0,0.0
